timestamp,seance,atomic_action_type,root_asset_id,asset_id,region_id,tag_name,bounding_box_top,bounding_box_left,bounding_box_width,bounding_box_height
10.733333,Seance_3_AC_Grattoir/,personnepersonne,0dae957c74413c7bb1f738b1fb26f858,142273dc026762cda4f40b4e460426a5,qy3yqBoSl,talk to person,0.0,454.9445611128237,150.72747283446364,122.0847039473684
49.666667,Seance_3_AC_Grattoir/,personnepersonne,0dae957c74413c7bb1f738b1fb26f858,b828cc774f0f1fc83ce7f9b559f20c0d,8awlE51dt,talk to person,73.92682125693872,685.3760789149198,127.05306912762023,194.21052631578945
49.666667,Seance_3_AC_Grattoir/,personnepersonne,0dae957c74413c7bb1f738b1fb26f858,b828cc774f0f1fc83ce7f9b559f20c0d,kcRjA_GNm,look person,0.0,474.6732429099877,124.29099876695446,106.57894736842104
83.133333,Seance_3_AC_Grattoir/,personnepersonne,0dae957c74413c7bb1f738b1fb26f858,3c0a1cbaa3ef2a92b3c13d6dbcbcec13,4ooXfxV9z,laugh,89.71628891794305,714.574623343095,107.32431508168928,99.47370228014492
83.133333,Seance_3_AC_Grattoir/,personnepersonne,0dae957c74413c7bb1f738b1fb26f858,3c0a1cbaa3ef2a92b3c13d6dbcbcec13,kAjzwO0J1,laugh,0.0,499.1368921470407,79.70404496763256,35.24260470741673
89.8,Seance_3_AC_Grattoir/,personnepersonne,0dae957c74413c7bb1f738b1fb26f858,baa6ebc4cbfa8d8d536c326ba12804ea,FNuoG-SYb,look person,4.4531310232062085,676.6954618141184,90.75218191276204,119.21053233899568
89.8,Seance_3_AC_Grattoir/,personnepersonne,0dae957c74413c7bb1f738b1fb26f858,baa6ebc4cbfa8d8d536c326ba12804ea,f4EVLcw2C,talk to group,32.08470394736842,780.0739827373613,89.96300863131937,123.1578947368421
89.8,Seance_3_AC_Grattoir/,personnepersonne,0dae957c74413c7bb1f738b1fb26f858,baa6ebc4cbfa8d8d536c326ba12804ea,Mys0PKbW5,look person,2.0847099705746297,318.42170160295933,110.48093595869298,153.15788871363588
120.066667,Seance_3_AC_Grattoir/,personnepersonne,0dae957c74413c7bb1f738b1fb26f858,5d48f289953dee511a766b8b1546fd04,QBXJp_rD_,talk to person,6.032072368421052,664.8582238363132,105.74596851880396,109.73684812846936
125.933333,Seance_3_AC_Grattoir/,personnepersonne,0dae957c74413c7bb1f738b1fb26f858,306b68be02b65f9e984f81f964f8b283,joMRHprMl,talk to group,141.8215520758378,742.1948212083847,210.70283600493232,367.38897423995166
125.933333,Seance_3_AC_Grattoir/,personnepersonne,0dae957c74413c7bb1f738b1fb26f858,306b68be02b65f9e984f81f964f8b283,ndB_zfsV-,look person,3.6636513157894735,308.9519112207152,149.1491985203453,149.21052631578945
137.733333,Seance_3_AC_Grattoir/,personnepersonne,0dae957c74413c7bb1f738b1fb26f858,0bc688f83f6761dfcec72f61354c46da,ioL4E5mWK,talk to person,95.24261073062294,650.653538262947,160.98643649815045,250.26316994114924
137.733333,Seance_3_AC_Grattoir/,personnepersonne,0dae957c74413c7bb1f738b1fb26f858,0bc688f83f6761dfcec72f61354c46da,BkPa5LNVN,laugh,84.18996710526315,738.2490992987053,95.4870771038841,86.0526556717722
137.733333,Seance_3_AC_Grattoir/,personnepersonne,0dae957c74413c7bb1f738b1fb26f858,0bc688f83f6761dfcec72f61354c46da,MPyyDxhts,laugh,13.137335526315788,369.7164476726264,99.43279901356352,100.26316391794305
145.933333,Seance_3_AC_Grattoir/,personnepersonne,0dae957c74413c7bb1f738b1fb26f858,39afca3a99a3cedc597abed8e844a539,jX2j2fpGr,talk to group,17.874177631578945,708.2614538378546,93.90873054099876,101.05264362535978
159.133333,Seance_3_AC_Grattoir/,personnepersonne,0dae957c74413c7bb1f738b1fb26f858,5ce72c56847a5ada823fdb99641de710,y-jBBx9Q7,talk to person,125.24260470741672,626.9790623073367,137.31196054254008,265.26317596435547
164.466667,Seance_3_AC_Grattoir/,personnepersonne,0dae957c74413c7bb1f738b1fb26f858,d0fbbfdf5a1f0c0f931ca492e9266e16,AEPkkxxKO,talk to person,67.6110197368421,681.4303570052405,145.99257764334158,168.94739251387745
164.466667,Seance_3_AC_Grattoir/,personnepersonne,0dae957c74413c7bb1f738b1fb26f858,d0fbbfdf5a1f0c0f931ca492e9266e16,5WOwBzMpr,laugh,2.0847099705746297,508.60668252928485,86.80638775431567,41.84209923995168
208.933333,Seance_3_AC_Grattoir/,personnepersonne,0dae957c74413c7bb1f738b1fb26f858,2f6bb51024372a241e5d434667f77ae3,p2QJQM0a3,talk to person,70.76892049689042,716.1528976572133,113.63748458692972,182.36843912225015
216.933333,Seance_3_AC_Grattoir/,personnepersonne,0dae957c74413c7bb1f738b1fb26f858,a0cf4cf44d94afd9264c0ddd4e39a42a,WWp0wLo37,laugh,21.03207839162726,363.403205918619,92.3304562268804,103.42104660837272
222.8,Seance_3_AC_Grattoir/,personnepersonne,0dae957c74413c7bb1f738b1fb26f858,6814408c319b0cc8a88596f1bcf4dd08,xiEz_djzf,talk to group,181.2952302631579,256.8680641183724,303.0332922318126,358.7047697368421
222.8,Seance_3_AC_Grattoir/,personnepersonne,0dae957c74413c7bb1f738b1fb26f858,6814408c319b0cc8a88596f1bcf4dd08,rmOIHTgeY,look person,0.0,497.5586178329223,97.85445245067818,93.66365131578948
255.666667,Seance_3_AC_Grattoir/,personnepersonne,0dae957c74413c7bb1f738b1fb26f858,02600661b6f9b1f2ae0d8e4c2c4e95a4,Sv3TJM8fn,laugh,0.5057595905504728,402.0715407290383,84.43894015875463,107.36841804102846
266.866667,Seance_3_AC_Grattoir/,personnepersonne,0dae957c74413c7bb1f738b1fb26f858,af478950b84951a540c17e50bd012049,kvEbprnXs,look person,3.6636513157894735,363.403205918619,120.73982737361284,152.3684451454564
266.866667,Seance_3_AC_Grattoir/,personnepersonne,0dae957c74413c7bb1f738b1fb26f858,af478950b84951a540c17e50bd012049,HaJfoLWue,look person,120.50576260215357,570.1603200138718,197.28732371300865,285.78946766100427
270.466667,Seance_3_AC_Grattoir/,personnepersonne,0dae957c74413c7bb1f738b1fb26f858,d99ae7dcba8f32d3c54101034e4f175d,45w_8wGm3,talk to person,73.13734154952199,695.6350425786067,113.63748458692972,199.73684812846932
283.8,Seance_3_AC_Grattoir/,personnepersonne,0dae957c74413c7bb1f738b1fb26f858,405aed7f74f84f858203c140cfabde5b,LpJwL3UKZ,talk to person,2.0847099705746297,481.7755856966708,112.05921027281136,101.05262555574114
292.4,Seance_3_AC_Grattoir/,personnepersonne,0dae957c74413c7bb1f738b1fb26f858,61c2ba904fe9d40d825291e5d752232d,yJ1FtFv_A,talk to group,174.97946488229852,309.74108450215783,224.9075215782984,365.0205351177015
358.8,Seance_3_AC_Grattoir/,personnepersonne,0dae957c74413c7bb1f738b1fb26f858,41f047f6145add6091b6576b0a61f6c0,nOVr9Mcvb,talk to person,0.0,334.9938347718865,140.4685814195438,142.6110317832545
382.733333,Seance_3_AC_Grattoir/,personnepersonne,0dae957c74413c7bb1f738b1fb26f858,a64402bbb944f248931dd549fec621b0,n_hj99FZQ,talk to person,0.0,484.9322065736745,104.16769420468556,108.66365733899568
382.733333,Seance_3_AC_Grattoir/,personnepersonne,0dae957c74413c7bb1f738b1fb26f858,a64402bbb944f248931dd549fec621b0,Kk15hiNqI,look person,129.9794468126799,595.4130702836005,164.14305737515414,250.26315187153065
390.866667,Seance_3_AC_Grattoir/,personnepersonne,0dae957c74413c7bb1f738b1fb26f858,eefcd4e24f687d80fc0a15a38012aa37,h1sio5tW_,talk to group,204.97944078947367,224.5129710619605,213.07028360049324,331.57894736842104
390.866667,Seance_3_AC_Grattoir/,personnepersonne,0dae957c74413c7bb1f738b1fb26f858,eefcd4e24f687d80fc0a15a38012aa37,9euU6APtl,look person,2.0847099705746297,351.56596794081383,126.26389584617756,135.0
390.866667,Seance_3_AC_Grattoir/,personnepersonne,0dae957c74413c7bb1f738b1fb26f858,eefcd4e24f687d80fc0a15a38012aa37,9euU6APtl,listen to,2.0847099705746297,351.56596794081383,126.26389584617756,135.0
397.533333,Seance_3_AC_Grattoir/,personnepersonne,0dae957c74413c7bb1f738b1fb26f858,e377ddcc8066a82f6d3fc62897f4eb47,reWH2pWyE,talk to person,77.87418365478516,688.5326997919236,121.5290006550555,188.6842045031096
397.533333,Seance_3_AC_Grattoir/,personnepersonne,0dae957c74413c7bb1f738b1fb26f858,e377ddcc8066a82f6d3fc62897f4eb47,YZ00AZVgP,look person,11.558394181100946,353.14431450369915,117.58320649660914,138.9473623978464
463.466667,Seance_3_AC_Grattoir/,personnepersonne,0dae957c74413c7bb1f738b1fb26f858,b7486db8fd30da01bbec26855f3d8637,DIKrVoIkH,talk to person,0.0,492.82372264180026,108.113416114365,111.82155809904398
466.066667,Seance_3_AC_Grattoir/,personnepersonne,0dae957c74413c7bb1f738b1fb26f858,7521fc4260494778fc59f48e56d4f3fd,kHWasgFU8,look person,0.5057595905504728,346.83107274969177,121.5290006550555,123.94736540944952
485.466667,Seance_3_AC_Grattoir/,personnepersonne,0dae957c74413c7bb1f738b1fb26f858,4d029faa3d59541bee7c98fcecd46396,fvdYE58ld,talk to person,2.8741896779913647,487.2996541692356,97.85452469944514,101.05262555574114
485.466667,Seance_3_AC_Grattoir/,personnepersonne,0dae957c74413c7bb1f738b1fb26f858,4d029faa3d59541bee7c98fcecd46396,EihlGJnUi,listen to,166.2952423095703,225.30210821901971,208.33542453375463,360.00003613923724
487.933333,Seance_3_AC_Grattoir/,personnepersonne,0dae957c74413c7bb1f738b1fb26f858,a3bb4bf3e2568fd179ef6e2c201eda35,6KWgqUFCg,look person,9.189973128469369,356.3008631319359,141.25775470098645,134.21052029258323
487.933333,Seance_3_AC_Grattoir/,personnepersonne,0dae957c74413c7bb1f738b1fb26f858,a3bb4bf3e2568fd179ef6e2c201eda35,D2OZ_Fiy8,listen to,121.2952423095703,604.0937596331689,142.04685573366214,259.7368541516756
498.866667,Seance_3_AC_Grattoir/,personnepersonne,0dae957c74413c7bb1f738b1fb26f858,06fa4ff46bf16d990c2b4223d0de8a65,jks6Rlts4,talk to group,6.821552075837787,355.5117620992602,159.4080899352651,143.68420450310956
498.866667,Seance_3_AC_Grattoir/,personnepersonne,0dae957c74413c7bb1f738b1fb26f858,06fa4ff46bf16d990c2b4223d0de8a65,oWyIksqbt,look person,139.84786184210526,638.816300285142,157.04071458847102,219.47369625693872
507.333333,Seance_3_AC_Grattoir/,personnepersonne,0dae957c74413c7bb1f738b1fb26f858,36a8b784fd3c5f4e7dd2bf8925a3d413,US-fR1w1K,talk to person,2.8741896779913647,361.035758323058,150.72754508323058,152.36840900621914
511.8,Seance_3_AC_Grattoir/,personnepersonne,0dae957c74413c7bb1f738b1fb26f858,27c381161830d02c9d9aa651c5df4249,MzlPuQ35t,look person,6.032072368421052,358.66831072749693,129.4205167231813,156.3157894736842
516.133333,Seance_3_AC_Grattoir/,personnepersonne,0dae957c74413c7bb1f738b1fb26f858,43e149b6691a50b477e5d01b21fe0ff4,fmwAKJOf3,talk to group,205.76893856650904,292.3797780517879,219.38352535450065,334.23106143349094
516.866667,Seance_3_AC_Grattoir/,personnepersonne,0dae957c74413c7bb1f738b1fb26f858,36d78c9c7b0592488b6af4b7407c8097,S1xZYHuuM,talk to person,0.1110197368421042,366.95437731196057,227.2749691738595,147.63160304019326
516.866667,Seance_3_AC_Grattoir/,personnepersonne,0dae957c74413c7bb1f738b1fb26f858,36d78c9c7b0592488b6af4b7407c8097,K_ucKt543,listen to,148.13733552631578,643.551195476264,145.99257764334158,232.1052631578947
526.0,Seance_3_AC_Grattoir/,personnepersonne,0dae957c74413c7bb1f738b1fb26f858,fed45364f82b04514fb40e0dd216bd51,hBgKeJnN1,laugh,152.08471599378083,654.5992601726264,103.37859317200989,94.73684210526316
547.333333,Seance_3_AC_Grattoir/,personnepersonne,0dae957c74413c7bb1f738b1fb26f858,ebdca96c19c466af77dcdebb14009ed9,kESfnT5Vs,talk to person,84.58471599378083,667.2256714318744,137.3119605425401,153.15790678325448
562.733333,Seance_3_AC_Grattoir/,personnepersonne,0dae957c74413c7bb1f738b1fb26f858,acfbe6ae7aeaef2fde0d5760d1f0919d,3zKoUfmwU,laugh,134.71628891794305,631.7139574984587,104.16769420468556,105.78946766100432
562.733333,Seance_3_AC_Grattoir/,personnepersonne,0dae957c74413c7bb1f738b1fb26f858,acfbe6ae7aeaef2fde0d5760d1f0919d,oKba7TFjv,talk to group,2.0847099705746297,324.7349072325832,182.29350098258325,167.36841502942536
567.666667,Seance_3_AC_Grattoir/,personnepersonne,0dae957c74413c7bb1f738b1fb26f858,bfb02de2a2025d758d22ac7b3b4cc71f,RsqOC9DtB,look person,0.0,302.63874171547474,192.55242852188655,169.453125
569.533333,Seance_3_AC_Grattoir/,personnepersonne,0dae957c74413c7bb1f738b1fb26f858,29f992af6604033de0f0509ea0731fe6,V3EXwB99z,listen to,0.5057595905504728,489.6671017647966,106.53514180024662,96.3157924852873
573.466667,Seance_3_AC_Grattoir/,personnepersonne,0dae957c74413c7bb1f738b1fb26f858,068bd26d85b98a37a741a58a28e3a64d,8uGSSerC6,talk to person,50.24261073062294,589.8890740598027,209.1244894420469,327.631566900956
594.733333,Seance_3_AC_Grattoir/,personnepersonne,0dae957c74413c7bb1f738b1fb26f858,b42f734b5abfdb66ad3b1937ec825873,TgamNsLwd,talk to person,73.13734154952199,701.1591110511714,125.4747225647349,187.89474286531143
610.666667,Seance_3_AC_Grattoir/,personnepersonne,0dae957c74413c7bb1f738b1fb26f858,4893c216a6591b1b70cc41c870524887,2fz31_ewU,talk to person,152.08471599378083,575.6843884864365,242.26875577990137,282.631566900956
649.733333,Seance_3_AC_Grattoir/,personnepersonne,0dae957c74413c7bb1f738b1fb26f858,0a328bc11faa36f5848ac49143d0fa76,wFLY1xTay,talk to person,74.32155207583777,696.4242158600493,118.3723797780518,127.1052571346885
660.866667,Seance_3_AC_Grattoir/,personnepersonne,0dae957c74413c7bb1f738b1fb26f858,40ef38e020d0fa1aeccf6420a8ff4511,J_NZUFDUC,talk to person,7.611031783254522,343.67448799707154,134.94454907136253,154.73683005885073
704.733333,Seance_3_AC_Grattoir/,personnepersonne,0dae957c74413c7bb1f738b1fb26f858,e93073621ae75b48cafefe08e1d4ab96,I0NOB1-qu,talk to group,242.87417763157893,473.884141877312,269.8890258939581,296.05263157894734
704.733333,Seance_3_AC_Grattoir/,personnepersonne,0dae957c74413c7bb1f738b1fb26f858,e93073621ae75b48cafefe08e1d4ab96,XsY6QdgE3,look person,2.0847099705746297,356.3008631319359,120.73982737361284,138.9473623978464
707.133333,Seance_3_AC_Grattoir/,personnepersonne,0dae957c74413c7bb1f738b1fb26f858,1f600f2f9263b4a4cb2413b86148bcfa,_n5VU1SsA,look person,2.0847099705746297,350.7768669081381,258.84088894882865,131.84209923995166
759.733333,Seance_3_AC_Grattoir/,personnepersonne,0dae957c74413c7bb1f738b1fb26f858,d2b0abeac6f6e1ae4908434b195f0a52,6R74rFut3,talk to group,122.0847039473684,248.1874470175709,229.6424167694205,382.1052872507195
765.666667,Seance_3_AC_Grattoir/,personnepersonne,0dae957c74413c7bb1f738b1fb26f858,537e04863d6fb323653559810d4311a0,oih1bPPHy,listen to,144.18997312846935,624.6116147117756,149.93837180178792,245.52630976626745
791.8,Seance_3_AC_Grattoir/,personnepersonne,0dae957c74413c7bb1f738b1fb26f858,0757f5dfbf6c5dbf5e88554b6db34a01,QjUD586-5,talk to person,137.87418967799135,600.9371387561653,157.82981562114674,281.0526436253598
791.8,Seance_3_AC_Grattoir/,personnepersonne,0dae957c74413c7bb1f738b1fb26f858,0757f5dfbf6c5dbf5e88554b6db34a01,0GuR_Xq6r,look person,5.242610730622944,346.83107274969177,159.40816218403208,166.57893532200862
806.066667,Seance_3_AC_Grattoir/,personnepersonne,0dae957c74413c7bb1f738b1fb26f858,a096d9afb75f2f578fb59cdbea5c8cc6,AGYXFzlsx,talk to person,130.7689265200966,584.365005587238,173.61284775739827,285.7894857306229
813.533333,Seance_3_AC_Grattoir/,personnepersonne,0dae957c74413c7bb1f738b1fb26f858,b3a4539a9e9d18703fe90d99e5ca4b8e,-KG3iyUCQ,laugh,0.0,346.8310727496919,115.2158311498152,113.40051751387738
820.2,Seance_3_AC_Grattoir/,personnepersonne,0dae957c74413c7bb1f738b1fb26f858,a0084b0b5830bb033319ddfd6eb35021,4EL3OnOFJ,talk to person,2.0847099705746297,481.7755856966708,112.05921027281136,116.05263157894736
820.2,Seance_3_AC_Grattoir/,personnepersonne,0dae957c74413c7bb1f738b1fb26f858,a0084b0b5830bb033319ddfd6eb35021,fj4c-PcUg,look person,88.92680921052632,716.1528976572133,148.36009748766955,193.42106467799132
823.0,Seance_3_AC_Grattoir/,personnepersonne,0dae957c74413c7bb1f738b1fb26f858,903f4fe6dc3f945719722f48cb35b5b9,MkJuUMbvu,talk to person,2.0847099705746297,322.3674596370222,136.5228233854809,157.89473081889903
829.466667,Seance_3_AC_Grattoir/,personnepersonne,0dae957c74413c7bb1f738b1fb26f858,0b9bccae0d738df54e76d5c3554f0065,WlaBylbJV,look person,80.24260470741673,570.9494932953145,255.68434032059187,291.3158075433028
840.2,Seance_3_AC_Grattoir/,personnepersonne,0dae957c74413c7bb1f738b1fb26f858,e9f442cb2e3e6af19611b06619fbe2b4,BIuwihIy5,laugh,79.453125,742.1948212083847,102.5894198905672,127.89473684210526
840.2,Seance_3_AC_Grattoir/,personnepersonne,0dae957c74413c7bb1f738b1fb26f858,e9f442cb2e3e6af19611b06619fbe2b4,vffLp3ZFD,laugh,0.5057595905504728,338.1504556488903,92.3304562268804,78.15790377165142
846.333333,Seance_3_AC_Grattoir/,personnepersonne,0dae957c74413c7bb1f738b1fb26f858,4f95961d3093b1b4473e18ec0a3b8e06,jmDGEEsEU,talk to person,1.2952302631578947,310.53022165921703,172.03453731889644,168.94739251387745
846.333333,Seance_3_AC_Grattoir/,personnepersonne,0dae957c74413c7bb1f738b1fb26f858,4f95961d3093b1b4473e18ec0a3b8e06,qWXjG8x3z,look person,82.6110257600483,686.9544254778052,153.88409371146733,176.05263760215357
863.6,Seance_3_AC_Grattoir/,personnepersonne,0dae957c74413c7bb1f738b1fb26f858,b763202aadd561a4c99b702d0eafc2cf,B8iqfYEhO,talk to person,4.4531310232062085,484.1430332922319,116.79410546393342,116.8421112863641
863.6,Seance_3_AC_Grattoir/,personnepersonne,0dae957c74413c7bb1f738b1fb26f858,b763202aadd561a4c99b702d0eafc2cf,FkWd1wIQ2,look person,208.1373596191406,129.81506723951912,257.26261463471025,327.6316030401932
872.466667,Seance_3_AC_Grattoir/,personnepersonne,0dae957c74413c7bb1f738b1fb26f858,cdd1aa9b36d0eafd0d2ef90f9c6eb454,__Q0TC9d0,talk to person,64.45313704641241,694.8458692971641,118.3723797780518,206.0526315789473
872.466667,Seance_3_AC_Grattoir/,personnepersonne,0dae957c74413c7bb1f738b1fb26f858,cdd1aa9b36d0eafd0d2ef90f9c6eb454,n4GdIfrFE,look person,0.0,496.7694445514797,101.80024660912454,122.87418365478514
872.466667,Seance_3_AC_Grattoir/,personnepersonne,0dae957c74413c7bb1f738b1fb26f858,cdd1aa9b36d0eafd0d2ef90f9c6eb454,n4GdIfrFE,listen to,0.0,496.7694445514797,101.80024660912454,122.87418365478514
881.8,Seance_3_AC_Grattoir/,personnepersonne,0dae957c74413c7bb1f738b1fb26f858,91859766239a3e9ba96c4c6f603f839f,VOZxX0Wqd,laugh,84.97944681267988,752.4537848720715,72.60170218094945,87.63159701698704
881.8,Seance_3_AC_Grattoir/,personnepersonne,0dae957c74413c7bb1f738b1fb26f858,91859766239a3e9ba96c4c6f603f839f,9UrvvWwfm,laugh,140.24261073062294,634.8705783754624,95.48700485511716,93.15788269042967
881.8,Seance_3_AC_Grattoir/,personnepersonne,0dae957c74413c7bb1f738b1fb26f858,91859766239a3e9ba96c4c6f603f839f,Apg2uS76c,laugh,2.8741896779913647,514.9198520345253,79.70411721639951,83.68419847990336
892.133333,Seance_3_AC_Grattoir/,personnepersonne,0dae957c74413c7bb1f738b1fb26f858,0f4d20c4f156b23aa235e063503f0cd1,ERbYOfqWo,talk to person,4.4531310232062085,320.7891491985204,158.6189889025894,163.42107070119755
895.6,Seance_3_AC_Grattoir/,personnepersonne,0dae957c74413c7bb1f738b1fb26f858,68b5f566ad6a43cbbcc3b0908c676773,d3IPmE76C,talk to person,77.87418365478516,729.5684821979039,97.06535141800248,195.0000060232062
895.6,Seance_3_AC_Grattoir/,personnepersonne,0dae957c74413c7bb1f738b1fb26f858,68b5f566ad6a43cbbcc3b0908c676773,d3IPmE76C,laugh,77.87418365478516,729.5684821979039,97.06535141800248,195.0000060232062
901.133333,Seance_3_AC_Grattoir/,personnepersonne,0dae957c74413c7bb1f738b1fb26f858,5e341f92de1c6ed4570512781836f7f8,Q2cu1DZcR,look person,4.4531310232062085,316.0542540073983,152.30581939734896,149.2105443854081
901.133333,Seance_3_AC_Grattoir/,personnepersonne,0dae957c74413c7bb1f738b1fb26f858,5e341f92de1c6ed4570512781836f7f8,Q2cu1DZcR,listen to,4.4531310232062085,316.0542540073983,152.30581939734896,149.2105443854081
901.133333,Seance_3_AC_Grattoir/,personnepersonne,0dae957c74413c7bb1f738b1fb26f858,5e341f92de1c6ed4570512781836f7f8,Sn2ADx8lp,talk to person,0.5057595905504728,488.0888274506782,109.69169042848335,120.78948271901984
907.533333,Seance_3_AC_Grattoir/,personnepersonne,0dae957c74413c7bb1f738b1fb26f858,44fc04f155be7325ad980a1ff5980572,dKlirsmYt,talk to person,0.5057595905504728,311.31935881627624,316.4488767725031,153.15791581806383
907.533333,Seance_3_AC_Grattoir/,personnepersonne,0dae957c74413c7bb1f738b1fb26f858,44fc04f155be7325ad980a1ff5980572,TAP6QOVTA,look person,140.24261073062294,514.9198520345253,257.26268688347733,276.59949453253495
907.533333,Seance_3_AC_Grattoir/,personnepersonne,0dae957c74413c7bb1f738b1fb26f858,44fc04f155be7325ad980a1ff5980572,TAP6QOVTA,listen to,140.24261073062294,514.9198520345253,257.26268688347733,276.59949453253495
922.666667,Seance_3_AC_Grattoir/,personnepersonne,0dae957c74413c7bb1f738b1fb26f858,5af7cb88f5af223a9cf5508857bca241,7D6ADuI3b,laugh,1.2952302631578947,340.5179032444513,107.32431508168928,72.63159099378083
922.666667,Seance_3_AC_Grattoir/,personnepersonne,0dae957c74413c7bb1f738b1fb26f858,5af7cb88f5af223a9cf5508857bca241,Yo1-eA7wu,laugh,145.7689144736842,614.3526510480888,118.3723797780518,105.00002409282484
959.066667,Seance_3_AC_Grattoir/,personnepersonne,0dae957c74413c7bb1f738b1fb26f858,cf13ccf95358de6c39fd23781479566d,f5P4Jqy12,talk to person,2.0847099705746297,322.3674596370222,145.99261376772503,139.73684210526315
971.666667,Seance_3_AC_Grattoir/,personnepersonne,0dae957c74413c7bb1f738b1fb26f858,6de6d4e8837afbb5a1628d73613bd0b2,rx07Um9Or,laugh,4.4531310232062085,356.3008631319359,81.28239153051788,63.15788871363589
978.133333,Seance_3_AC_Grattoir/,personnepersonne,0dae957c74413c7bb1f738b1fb26f858,597a462129d75400e12c0286606ff57a,6J-e1Poaa,talk to person,76.29524230957031,712.9963490289766,119.16148081072753,201.3157894736842
978.133333,Seance_3_AC_Grattoir/,personnepersonne,0dae957c74413c7bb1f738b1fb26f858,597a462129d75400e12c0286606ff57a,VP14NsYT-,look person,156.03209646124589,216.6214549938348,246.21454993834772,358.42107672440375
978.133333,Seance_3_AC_Grattoir/,personnepersonne,0dae957c74413c7bb1f738b1fb26f858,597a462129d75400e12c0286606ff57a,VP14NsYT-,listen to,156.03209646124589,216.6214549938348,246.21454993834772,358.42107672440375
1020.333333,Seance_3_AC_Grattoir/,personnepersonne,0dae957c74413c7bb1f738b1fb26f858,2bacab0c6cfadbfe22ada478f6acfdc6,l2c80mLI3,talk to group,181.2952302631579,135.3390995877004,261.9975459502158,351.315813566509
1020.333333,Seance_3_AC_Grattoir/,personnepersonne,0dae957c74413c7bb1f738b1fb26f858,2bacab0c6cfadbfe22ada478f6acfdc6,iWuFujB5M,listen to,50.24261073062294,577.262662800555,233.5881386790999,308.68419847990333
1028.066667,Seance_3_AC_Grattoir/,personnepersonne,0dae957c74413c7bb1f738b1fb26f858,7f411742587dd26c1275aeb7cbd40742,Oqs0MUghZ,talk to person,78.66366336220189,726.4118613209001,109.69176267725032,203.68421052631575
1028.066667,Seance_3_AC_Grattoir/,personnepersonne,0dae957c74413c7bb1f738b1fb26f858,7f411742587dd26c1275aeb7cbd40742,xGhHMM1Xh,look person,1.2952302631578947,469.14924668618994,116.79403321516646,101.84210526315788
1060.066667,Seance_3_AC_Grattoir/,personnepersonne,0dae957c74413c7bb1f738b1fb26f858,a816a96a4bb72a8a77097bc881a169c1,Kk4caDxnP,talk to group,229.4531490928248,238.7176566353268,246.21454993834772,310.5468509071752
1060.066667,Seance_3_AC_Grattoir/,personnepersonne,0dae957c74413c7bb1f738b1fb26f858,a816a96a4bb72a8a77097bc881a169c1,nvw0O3IcB,look person,97.61103178325452,709.839728151973,127.05299687885328,187.89472479569284
1060.066667,Seance_3_AC_Grattoir/,personnepersonne,0dae957c74413c7bb1f738b1fb26f858,a816a96a4bb72a8a77097bc881a169c1,nvw0O3IcB,listen to,97.61103178325452,709.839728151973,127.05299687885328,187.89472479569284
1119.8,Seance_3_AC_Grattoir/,personnepersonne,0dae957c74413c7bb1f738b1fb26f858,c85bf56d1bbdc1b2f2210ca2a1c4e11b,Yxn-15hwl,talk to person,72.34786184210526,712.9963490289766,97.85445245067818,155.5263278358861
1119.8,Seance_3_AC_Grattoir/,personnepersonne,0dae957c74413c7bb1f738b1fb26f858,c85bf56d1bbdc1b2f2210ca2a1c4e11b,xulXswWoT,listen to,1.2952302631578947,477.8298637869914,135.7336862284217,109.73684812846936
1119.8,Seance_3_AC_Grattoir/,personnepersonne,0dae957c74413c7bb1f738b1fb26f858,c85bf56d1bbdc1b2f2210ca2a1c4e11b,xulXswWoT,look person,1.2952302631578947,477.8298637869914,135.7336862284217,109.73684812846936
1156.2,Seance_3_AC_Grattoir/,personnepersonne,0dae957c74413c7bb1f738b1fb26f858,05ea1ad7541974501f448ce5d1e581ce,URhGZG85X,talk to group,222.34788593493008,195.31442663378547,258.8409611975956,317.6521140650699
1157.6,Seance_3_AC_Grattoir/,personnepersonne,0dae957c74413c7bb1f738b1fb26f858,2a92fdcf39b59d1fd2bbe19742d30918,5jZfQGmZ0,listen to,141.03207236842104,575.6843884864365,187.02836004932183,303.94739251387745
1185.8,Seance_3_AC_Grattoir/,personnepersonne,0dae957c74413c7bb1f738b1fb26f858,1c9aeeced5572c4bd2dd8c57b32943bf,zd7WiDd0J,laugh,128.40050546746505,560.6905296316277,111.27003699136868,120.78947368421052
1185.8,Seance_3_AC_Grattoir/,personnepersonne,0dae957c74413c7bb1f738b1fb26f858,1c9aeeced5572c4bd2dd8c57b32943bf,cJWN5SBuo,laugh,4.4531310232062085,367.3490000770654,83.64976687731196,74.99999397679379
1194.133333,Seance_3_AC_Grattoir/,personnepersonne,0dae957c74413c7bb1f738b1fb26f858,d41b34ce3222286cc769ace772f23eea,MkzZBxleV,talk to group,203.40051751387745,166.11591832999383,232.7990015220407,334.736866198088
1197.533333,Seance_3_AC_Grattoir/,personnepersonne,0dae957c74413c7bb1f738b1fb26f858,3d1c71bfb66948e552e9d9fcb535fd9f,uHVFwqEhb,listen to,87.34786786531147,574.1060419235512,258.8409611975956,334.7368481284693
1197.533333,Seance_3_AC_Grattoir/,personnepersonne,0dae957c74413c7bb1f738b1fb26f858,3d1c71bfb66948e552e9d9fcb535fd9f,rEScZo1S4,look person,4.4531310232062085,464.4143514950678,126.2638235974106,110.52630976626746
1206.266667,Seance_3_AC_Grattoir/,personnepersonne,0dae957c74413c7bb1f738b1fb26f858,dc9436a6e0a2f8f62220c58459de0315,Q-8pEBLjQ,look person,6.821552075837787,320.0000120414612,151.51668224028978,156.31580754330284
1209.466667,Seance_3_AC_Grattoir/,personnepersonne,0dae957c74413c7bb1f738b1fb26f858,16c897544aa2f115ead8a923ee2a3af8,W5S4YKb4w,laugh,2.874189677991364,358.2737602111592,95.48707710388412,63.15788871363589
1220.266667,Seance_3_AC_Grattoir/,personnepersonne,0dae957c74413c7bb1f738b1fb26f858,1d3216bdc3b721a19914adf48f0cc992,Xjx4nhvMc,look person,0.5057595905504728,332.6263871763255,164.14305737515414,155.52633687069542
1220.266667,Seance_3_AC_Grattoir/,personnepersonne,0dae957c74413c7bb1f738b1fb26f858,1d3216bdc3b721a19914adf48f0cc992,BxOV2KopS,talk to group,262.6110438296669,200.8384951063502,290.40688097256475,277.10526315789474
1265.466667,Seance_3_AC_Grattoir/,personnepersonne,0dae957c74413c7bb1f738b1fb26f858,4ec6ba443bac9bca1c8bffa604663841,eIYdO3gyt,talk to person,0.5057595905504728,484.9322065736745,114.4266578683724,104.99999698839687
1272.666667,Seance_3_AC_Grattoir/,personnepersonne,0dae957c74413c7bb1f738b1fb26f858,cdac8f3ddcfc07535599d3c167f516f1,e9JnbWld_,talk to person,12.34787388851768,350.7768669081381,184.6609124537608,175.26315789473682
1298.266667,Seance_3_AC_Grattoir/,personnepersonne,0dae957c74413c7bb1f738b1fb26f858,53724215941f8d27f4c9fbced296fe37,eH_D-JA7Q,talk to person,6.821552075837787,331.0481128622072,172.03450119451296,163.42107070119755
1298.266667,Seance_3_AC_Grattoir/,personnepersonne,0dae957c74413c7bb1f738b1fb26f858,53724215941f8d27f4c9fbced296fe37,iqKNf2t3W,look person,77.87418365478516,697.2133168927251,119.16155305949444,183.1579007600483
1311.266667,Seance_3_AC_Grattoir/,personnepersonne,0dae957c74413c7bb1f738b1fb26f858,f590040ef012fa06f245e407d109fe10,_0r8w_bNv,look person,13.926815233732524,349.1985203452528,137.31196054254008,153.15788871363588
1311.266667,Seance_3_AC_Grattoir/,personnepersonne,0dae957c74413c7bb1f738b1fb26f858,f590040ef012fa06f245e407d109fe10,rQHlEQwfx,talk to person,83.40050546746504,704.3156596794082,125.4747225647349,176.8421173095703
1328.333333,Seance_3_AC_Grattoir/,personnepersonne,0dae957c74413c7bb1f738b1fb26f858,1a5a1acff48036778a7902e4e87888b0,Jn034gRDP,talk to person,77.87418365478516,705.1048329608509,144.4143033292232,219.47367818732008
1380.2,Seance_3_AC_Grattoir/,personnepersonne,0dae957c74413c7bb1f738b1fb26f858,b4717a93c7fed69cd89134c1b11e62f5,ND3pyd3AX,talk to person,70.76892049689042,683.0086313193589,133.36623863286067,193.42104660837276
1380.2,Seance_3_AC_Grattoir/,personnepersonne,0dae957c74413c7bb1f738b1fb26f858,b4717a93c7fed69cd89134c1b11e62f5,PV0NxA7w3,look person,6.821552075837786,474.6732429099877,368.532723874846,141.20476371363588
1393.733333,Seance_3_AC_Grattoir/,personnepersonne,0dae957c74413c7bb1f738b1fb26f858,059fcd1722330a2a6dfcc8c184d2ac70,0gwfAmAZB,talk to person,71.55840020430715,691.6893206689273,145.99257764334158,190.2631458483244
1398.933333,Seance_3_AC_Grattoir/,personnepersonne,0dae957c74413c7bb1f738b1fb26f858,1ab1187d42ed261a5aca4519fd833694,r3AmkjngW,talk to person,111.82155809904398,556.7448077219483,174.401948790074,293.6842105263158
1400.133333,Seance_3_AC_Grattoir/,personnepersonne,0dae957c74413c7bb1f738b1fb26f858,69fc4a997066c52a849979aa592d78af,DlNVbUMYj,look person,5.242610730622944,326.3132176710851,153.09492043002467,165.0000120464124
1400.133333,Seance_3_AC_Grattoir/,personnepersonne,0dae957c74413c7bb1f738b1fb26f858,69fc4a997066c52a849979aa592d78af,DlNVbUMYj,listen to,5.242610730622944,326.3132176710851,153.09492043002467,165.0000120464124
1405.066667,Seance_3_AC_Grattoir/,personnepersonne,0dae957c74413c7bb1f738b1fb26f858,358b89866517a857ae4704dfa9977fcb,ZN0daL1xG,look person,2.0847099705746297,331.0481128622072,137.31196054254008,153.94738649067125
1418.666667,Seance_3_AC_Grattoir/,personnepersonne,0dae957c74413c7bb1f738b1fb26f858,1fa77ae2d36045c84d61abb0a6a5db1a,LiAolyNxz,talk to person,63.66365733899568,686.1652521963625,134.1553396655364,199.73684812846932
1420.266667,Seance_3_AC_Grattoir/,personnepersonne,0dae957c74413c7bb1f738b1fb26f858,67302fea0c434cd1bb4831e9592be777,9rVNiAaiq,laugh,2.0847099705746297,343.67448799707154,99.43283513794698,71.8421112863641
1420.266667,Seance_3_AC_Grattoir/,personnepersonne,0dae957c74413c7bb1f738b1fb26f858,67302fea0c434cd1bb4831e9592be777,yACvk_sqm,look person,0.5057595905504728,327.89149198520346,120.73982737361284,165.00002108122172
1471.4,Seance_3_AC_Grattoir/,personnepersonne,0dae957c74413c7bb1f738b1fb26f858,5d8acbdd3ffa63d165f0c5a4fb6ccd47,IAFHkisr1,look person,3.6636513157894735,314.4759796932799,148.3600252389026,148.42106467799135
1471.4,Seance_3_AC_Grattoir/,personnepersonne,0dae957c74413c7bb1f738b1fb26f858,5d8acbdd3ffa63d165f0c5a4fb6ccd47,jmtK7yRTn,listen to,127.6110257600483,581.997557991677,160.98643649815045,256.57895339162724
1482.466667,Seance_3_AC_Grattoir/,personnepersonne,0dae957c74413c7bb1f738b1fb26f858,6330007ff10aa9bc1afb1de4f196b1c1,aSzsuNSIK,look person,2.0847099705746297,309.74108450215783,157.04071458847102,150.7894676610043
1482.466667,Seance_3_AC_Grattoir/,personnepersonne,0dae957c74413c7bb1f738b1fb26f858,6330007ff10aa9bc1afb1de4f196b1c1,IoY_9sM1W,talk to person,66.03207839162725,674.3280142185574,145.20347661066586,202.1052691811009
1482.466667,Seance_3_AC_Grattoir/,personnepersonne,0dae957c74413c7bb1f738b1fb26f858,6330007ff10aa9bc1afb1de4f196b1c1,AKjNHwXLp,listen to,7.611031783254522,478.61903706843407,114.42658561960543,111.3157894736842
1482.466667,Seance_3_AC_Grattoir/,personnepersonne,0dae957c74413c7bb1f738b1fb26f858,6330007ff10aa9bc1afb1de4f196b1c1,AKjNHwXLp,look person,7.611031783254522,478.61903706843407,114.42658561960543,111.3157894736842
1501.066667,Seance_3_AC_Grattoir/,personnepersonne,0dae957c74413c7bb1f738b1fb26f858,94ec9175116d3fbe1b574ce7e3ebeb78,PtRHEE7bm,talk to person,124.453125,565.4254248227497,163.35388409371149,291.31578947368416
1542.866667,Seance_3_AC_Grattoir/,personnepersonne,0dae957c74413c7bb1f738b1fb26f858,3e29254a06b1c8860bdc0d2c38d21dbc,oxDZhopW5,talk to group,175.7689265200966,111.66462363209,291.1960903783909,364.2310734799033
1542.866667,Seance_3_AC_Grattoir/,personnepersonne,0dae957c74413c7bb1f738b1fb26f858,3e29254a06b1c8860bdc0d2c38d21dbc,Oicqv4iAV,listen to,85.76892652009663,583.5758323057953,235.1664852419852,319.7368421052631
1565.333333,Seance_3_AC_Grattoir/,personnepersonne,0dae957c74413c7bb1f738b1fb26f858,36e3e44ea8d4ef6af9b4840ae220d05e,XUv3kwLOU,talk to person,68.40049944425884,685.3760789149198,133.36623863286067,171.31579549689042
1600.533333,Seance_3_AC_Grattoir/,personnepersonne,0dae957c74413c7bb1f738b1fb26f858,780aa2e9f4c08d95041eabc60280eaa7,DRLyP_Hrh,talk to person,47.08470997057463,716.1528976572133,127.05306912762023,210.78949175382917
1600.533333,Seance_3_AC_Grattoir/,personnepersonne,0dae957c74413c7bb1f738b1fb26f858,780aa2e9f4c08d95041eabc60280eaa7,odj5ETM5a,look person,0.5057595905504728,472.3057953144267,116.00493218249076,108.94737745586194
1678.466667,Seance_3_AC_Grattoir/,personnepersonne,0dae957c74413c7bb1f738b1fb26f858,0ba609cbe588c2e83a2220f6a4730696,1SHdCTPh_,talk to group,258.6636633622019,185.8446362515413,229.6424167694205,279.47372034976354
1680.4,Seance_3_AC_Grattoir/,personnepersonne,0dae957c74413c7bb1f738b1fb26f858,f80726bbbf2eab61397552348329b973,O7CON_44V,talk to person,126.82154605263158,554.3773601263872,172.03450119451296,322.1052631578947
1706.666667,Seance_3_AC_Grattoir/,personnepersonne,0dae957c74413c7bb1f738b1fb26f858,e04ad6adbf40f0faff1811a6caef5a5c,uJZadJMuj,look person,9.189973128469369,326.3132176710851,153.88409371146733,184.73686017488177
1706.666667,Seance_3_AC_Grattoir/,personnepersonne,0dae957c74413c7bb1f738b1fb26f858,e04ad6adbf40f0faff1811a6caef5a5c,uJZadJMuj,listen to,9.189973128469369,326.3132176710851,153.88409371146733,184.73686017488177
1717.333333,Seance_3_AC_Grattoir/,personnepersonne,0dae957c74413c7bb1f738b1fb26f858,642aff7e2a66215866901298f69e04b3,VZIVTydLU,talk to group,234.189991198088,183.47718865598029,246.21454993834772,304.7368180124383
1717.333333,Seance_3_AC_Grattoir/,personnepersonne,0dae957c74413c7bb1f738b1fb26f858,642aff7e2a66215866901298f69e04b3,c05c_0hYN,listen to,135.50576862535976,581.2083847102343,168.8779525662762,246.3157894736842
1746.333333,Seance_3_AC_Grattoir/,personnepersonne,0dae957c74413c7bb1f738b1fb26f858,b47eaa9407831fb27c4501cea1cdc2d5,l434Rg48N,laugh,140.24261073062294,653.8101591399508,107.32424283292232,114.47367216411388
1746.333333,Seance_3_AC_Grattoir/,personnepersonne,0dae957c74413c7bb1f738b1fb26f858,b47eaa9407831fb27c4501cea1cdc2d5,AwU9H0Iea,laugh,11.558394181100946,555.9556344405056,68.65598027127004,77.36841502942536
1750.8,Seance_3_AC_Grattoir/,personnepersonne,0dae957c74413c7bb1f738b1fb26f858,6b6d6b034607a75e8bf36524594f3207,BOWTOfsNT,laugh,2.0847099705746297,388.6560284371147,89.1738353498767,66.3157894736842
1775.8,Seance_3_AC_Grattoir/,personnepersonne,0dae957c74413c7bb1f738b1fb26f858,eb2c32b37c072679430a2dd95e49adb2,akrQhKRQv,laugh,0.0,369.7164476726264,74.96914977651049,69.97944078947368
1837.466667,Seance_3_AC_Grattoir/,personnepersonne,0dae957c74413c7bb1f738b1fb26f858,68e68a819bdaa0c37647b290027c94e6,hAbkIz-V_,talk to person,0.0,308.16277406365606,164.14302125077066,154.73683005885073
1840.6,Seance_3_AC_Grattoir/,personnepersonne,0dae957c74413c7bb1f738b1fb26f858,3f74d1823fbfe96587bcc8001d0cff5d,cJtgbEMyo,listen to,231.8215701454564,243.45255182644885,226.4857958924168,304.7368180124383
1880.4,Seance_3_AC_Grattoir/,personnepersonne,0dae957c74413c7bb1f738b1fb26f858,db02a8ed3ed4d8f5cc8ac75e18701180,G6b5M15DP,talk to person,126.03208441483346,580.4192836775586,163.35388409371149,279.4736842105263
1937.2,Seance_3_AC_Grattoir/,personnepersonne,0dae957c74413c7bb1f738b1fb26f858,7cb04756a51d3f480ab126a29aa1bef0,LanwS9xao,listen to,147.34787388851768,548.0641183723798,184.6609124537608,300.7894736842105
1937.2,Seance_3_AC_Grattoir/,personnepersonne,0dae957c74413c7bb1f738b1fb26f858,7cb04756a51d3f480ab126a29aa1bef0,uaGLEmPxa,talk to group,181.2952302631579,123.5018616098952,241.47969087160917,358.42107672440375
1937.2,Seance_3_AC_Grattoir/,personnepersonne,0dae957c74413c7bb1f738b1fb26f858,7cb04756a51d3f480ab126a29aa1bef0,1535r0iaU,laugh,3.6636513157894735,481.7755856966708,75.75832305795315,42.63157894736842
1937.2,Seance_3_AC_Grattoir/,personnepersonne,0dae957c74413c7bb1f738b1fb26f858,7cb04756a51d3f480ab126a29aa1bef0,MtAo1Lu7q,look person,76.29524230957031,679.8520826911221,149.93829955302098,194.9999879535876
1954.533333,Seance_3_AC_Grattoir/,personnepersonne,0dae957c74413c7bb1f738b1fb26f858,11838383bb13869f0ef95132a90f2819,McPoknJeH,talk to person,135.50576862535976,510.18495684340326,244.63627562422937,329.2105624550267
1954.533333,Seance_3_AC_Grattoir/,personnepersonne,0dae957c74413c7bb1f738b1fb26f858,11838383bb13869f0ef95132a90f2819,SuOGkFtZv,look person,4.4531310232062085,312.10853209771886,142.04685573366214,152.3684270758378
1985.466667,Seance_3_AC_Grattoir/,personnepersonne,0dae957c74413c7bb1f738b1fb26f858,2302925448fa13bedb6c0a85e0e24a0e,5jblPe7Kt,talk to person,9.189973128469369,319.210874884402,136.52278726109742,192.6315849705746
1987.6,Seance_3_AC_Grattoir/,personnepersonne,0dae957c74413c7bb1f738b1fb26f858,274b21f231e182e84edc262e1def92c5,B2vRJSJ5J,talk to person,107.87417763157896,565.4254248227497,162.5647108122688,283.4210646779913
1987.6,Seance_3_AC_Grattoir/,personnepersonne,0dae957c74413c7bb1f738b1fb26f858,274b21f231e182e84edc262e1def92c5,UOtOQKEOU,talk to person,9.189973128469369,334.9938347718865,118.3723797780518,189.4737022801449
1993.133333,Seance_3_AC_Grattoir/,personnepersonne,0dae957c74413c7bb1f738b1fb26f858,fa803e705cf17fae0605a572a913ac7e,clyHWNyo6,look person,9.189973128469369,319.210874884402,142.83602901510483,179.21052029258323
1993.133333,Seance_3_AC_Grattoir/,personnepersonne,0dae957c74413c7bb1f738b1fb26f858,fa803e705cf17fae0605a572a913ac7e,p5XwOJpJL,look person,126.03208441483346,387.86685515567206,347.22562326602963,413.9679155851665
2013.266667,Seance_3_AC_Grattoir/,personnepersonne,0dae957c74413c7bb1f738b1fb26f858,ab31b18179a9004cdfe2f38ee497faed,ZpsZh7YxO,laugh,133.9268092105263,631.7139574984587,98.64362573212084,98.6842225727282
2013.266667,Seance_3_AC_Grattoir/,personnepersonne,0dae957c74413c7bb1f738b1fb26f858,ab31b18179a9004cdfe2f38ee497faed,I1UXEaL-8,laugh,9.979452835886102,358.66831072749693,89.17390759864365,88.42104058516652
2071.666667,Seance_3_AC_Grattoir/,personnepersonne,0dae957c74413c7bb1f738b1fb26f858,538f08eac3b8c6a266dd718a7675034a,imSuEqkj0,talk to person,93.66365131578948,733.5142041075833,131.78789206997536,216.31581356650904
2099.4,Seance_3_AC_Grattoir/,personnepersonne,0dae957c74413c7bb1f738b1fb26f858,2a2294c3f949231711e11e91a06feacf,fq3iEals4,talk to group,188.40049342105263,139.28485762176325,271.46730020807644,351.59950657894734
2101.133333,Seance_3_AC_Grattoir/,personnepersonne,0dae957c74413c7bb1f738b1fb26f858,c27678494996069d172e392f6c8a966f,Hus2pCDCm,listen to,6.821552075837787,340.5179032444513,136.52278726109742,215.5263338590923
2101.133333,Seance_3_AC_Grattoir/,personnepersonne,0dae957c74413c7bb1f738b1fb26f858,c27678494996069d172e392f6c8a966f,xbF_yiI5q,listen to,134.71628891794305,549.6424649352651,190.18490867755855,322.10528122751333
2104.4,Seance_3_AC_Grattoir/,personnepersonne,0dae957c74413c7bb1f738b1fb26f858,32660b6608f9a00225e8029d07eb61e8,ElYcZtFFy,talk to person,2.0847099705746297,463.6251782136252,122.3181016877312,105.0000060232062
2104.4,Seance_3_AC_Grattoir/,personnepersonne,0dae957c74413c7bb1f738b1fb26f858,32660b6608f9a00225e8029d07eb61e8,FP9Yf4V-9,look person,92.08470997057462,670.3822923088779,155.4623680255857,194.2105443854081
2115.066667,Seance_3_AC_Grattoir/,personnepersonne,0dae957c74413c7bb1f738b1fb26f858,c300a4e5d0b150b6bd6c63f899a04721,2NzEFiCga,talk to person,124.453125,574.1060419235512,168.8779525662762,288.9473684210526
2116.666667,Seance_3_AC_Grattoir/,personnepersonne,0dae957c74413c7bb1f738b1fb26f858,bf5c0f71dc0f324d1adbbeb463e86458,8PUy8LqH4,look person,4.4531310232062085,345.25279843557337,138.10113382398274,179.21052029258323
2140.0,Seance_3_AC_Grattoir/,personnepersonne,0dae957c74413c7bb1f738b1fb26f858,05ea1b0b4f8baf7331d3dbbd97fdec77,dIzUaQ9hA,laugh,6.032072368421052,413.9087787068434,79.70404496763256,71.05263157894737
2144.666667,Seance_3_AC_Grattoir/,personnepersonne,0dae957c74413c7bb1f738b1fb26f858,ed322f1d1b86256b34ff40357efeb9ab,JejdS8svs,talk to person,25.768920496890416,706.6831072749692,154.67326699291,272.3684391222502
2144.666667,Seance_3_AC_Grattoir/,personnepersonne,0dae957c74413c7bb1f738b1fb26f858,ed322f1d1b86256b34ff40357efeb9ab,s6v4XyXDv,look person,2.0847099705746297,325.5240443896424,157.04071458847102,157.10526918110094
2149.266667,Seance_3_AC_Grattoir/,personnepersonne,0dae957c74413c7bb1f738b1fb26f858,dda3f5bb8e68017eee9b94359d3969f4,yBW9PkKYC,laugh,4.4531310232062085,377.6078914919853,94.69790382244145,70.26315187153062
2149.266667,Seance_3_AC_Grattoir/,personnepersonne,0dae957c74413c7bb1f738b1fb26f858,dda3f5bb8e68017eee9b94359d3969f4,PT8_RSXzy,laugh,43.1373475727282,736.670824984587,66.288532675709,92.36842105263158
2174.866667,Seance_3_AC_Grattoir/,personnepersonne,0dae957c74413c7bb1f738b1fb26f858,7a95c867bbb2afd7a5ddba1a066acf39,xjMynV9Q7,talk to person,66.821558099044,686.1652521963625,132.577065351418,209.21051426937703
2187.933333,Seance_3_AC_Grattoir/,personnepersonne,0dae957c74413c7bb1f738b1fb26f858,6f02f948dd946fc322ded813479a2659,8quVc_cTH,talk to group,2.0847099705746297,315.2651168503391,184.66094857814429,280.263163917943
2200.933333,Seance_3_AC_Grattoir/,personnepersonne,0dae957c74413c7bb1f738b1fb26f858,1bdd2807f56a64fa69f3f9dc2e8cbb4e,TBtqSjm85,talk to person,53.40049342105263,709.0505548705303,161.7756097795931,237.63160304019323
2224.466667,Seance_3_AC_Grattoir/,personnepersonne,0dae957c74413c7bb1f738b1fb26f858,e38a02ae8fb2a24f3e4fce93cc38584a,SCU3tPk7J,talk to person,2.8741896779913647,320.0000120414612,172.8237106003391,151.57894736842104
2224.466667,Seance_3_AC_Grattoir/,personnepersonne,0dae957c74413c7bb1f738b1fb26f858,e38a02ae8fb2a24f3e4fce93cc38584a,-Uu17GAOH,look person,76.29524230957031,679.8520826911221,131.78789206997536,168.9473563746402
2262.933333,Seance_3_AC_Grattoir/,personnepersonne,0dae957c74413c7bb1f738b1fb26f858,114ea9ead0dee65a41d2dc5c2f5e249b,QfoHrxjCe,listen to,80.24260470741673,594.6239692509248,258.05178791615293,301.57895339162724
2262.933333,Seance_3_AC_Grattoir/,personnepersonne,0dae957c74413c7bb1f738b1fb26f858,114ea9ead0dee65a41d2dc5c2f5e249b,jDhpetiEE,look person,14.71629494114926,471.516694281751,120.73982737361284,93.15788269042967
2263.666667,Seance_3_AC_Grattoir/,personnepersonne,0dae957c74413c7bb1f738b1fb26f858,7230ba8de994ab4915a1a9caf46fa99c,Bw-19Og6a,talk to group,261.8215460526316,119.55610357583232,287.250332344328,272.3684210526316
2334.8,Seance_3_AC_Grattoir/,personnepersonne,0dae957c74413c7bb1f738b1fb26f858,223cd12bad36f4e51edb8b531a9b2c43,smssG7ky1,talk to person,0.0,505.4500616522812,141.25775470098645,123.66366336220187
2339.8,Seance_3_AC_Grattoir/,personnepersonne,0dae957c74413c7bb1f738b1fb26f858,691b5ef5642b6822034a987d5ac80202,8q9r0VJnD,talk to person,3.6636513157894735,366.5598267956227,146.78175092478423,168.94739251387745
2339.8,Seance_3_AC_Grattoir/,personnepersonne,0dae957c74413c7bb1f738b1fb26f858,691b5ef5642b6822034a987d5ac80202,ifdqs-fVD,look person,127.6110257600483,576.4734895191123,168.08877928483355,263.684216549522
2339.8,Seance_3_AC_Grattoir/,personnepersonne,0dae957c74413c7bb1f738b1fb26f858,691b5ef5642b6822034a987d5ac80202,kBEj3v1Ga,listen to,4.4531310232062085,514.1307510018496,117.58320649660914,112.89473081889903
2339.8,Seance_3_AC_Grattoir/,personnepersonne,0dae957c74413c7bb1f738b1fb26f858,691b5ef5642b6822034a987d5ac80202,kBEj3v1Ga,look person,4.4531310232062085,514.1307510018496,117.58320649660914,112.89473081889903
2350.666667,Seance_3_AC_Grattoir/,personnepersonne,0dae957c74413c7bb1f738b1fb26f858,3bd8a18993c92284a9172c1cfd109272,VGbKpvuHQ,talk to person,9.979452835886102,332.6263871763255,168.08877928483355,192.631566900956
2350.666667,Seance_3_AC_Grattoir/,personnepersonne,0dae957c74413c7bb1f738b1fb26f858,3bd8a18993c92284a9172c1cfd109272,sSzI9BdRu,laugh,21.03207839162726,755.6104057490753,78.12577065351418,78.1578947368421
2356.2,Seance_3_AC_Grattoir/,personnepersonne,0dae957c74413c7bb1f738b1fb26f858,7057d2f2215963f1cf000e7691d1cd80,jSzDhSYe5,talk to person,6.821552075837787,637.2380259710235,174.401948790074,138.1579007600483
2356.2,Seance_3_AC_Grattoir/,personnepersonne,0dae957c74413c7bb1f738b1fb26f858,7057d2f2215963f1cf000e7691d1cd80,fMf6freG7,look person,135.50576862535976,558.3230820360666,198.86559802712705,239.21052631578945
2382.8,Seance_3_AC_Grattoir/,personnepersonne,0dae957c74413c7bb1f738b1fb26f858,ab9aec89ee799f347f58362c05bd4818,ggTm8X3ce,talk to person,9.189973128469369,653.8101591399508,112.84831130548706,145.26316391794305
2432.8,Seance_3_AC_Grattoir/,personnepersonne,0dae957c74413c7bb1f738b1fb26f858,dc48bfc3787dd53ef77743081b2a1fe9,uez2u9YsO,talk to group,51.03207236842105,735.8816517031443,144.4143033292232,258.94739251387745
2442.2,Seance_3_AC_Grattoir/,personnepersonne,0dae957c74413c7bb1f738b1fb26f858,57b9fb10d0ca81dfcedb01fe65536e90,BG-fxuXUe,laugh,6.821552075837787,689.3218730733663,79.70404496763256,73.42105263157895
2470.866667,Seance_3_AC_Grattoir/,personnepersonne,0dae957c74413c7bb1f738b1fb26f858,d374b75e98d0ceb0a6ff4f071a074630,Uor2wye70,talk to group,43.1373475727282,750.0863372765106,139.6794081381011,217.10527520430716
2470.866667,Seance_3_AC_Grattoir/,personnepersonne,0dae957c74413c7bb1f738b1fb26f858,d374b75e98d0ceb0a6ff4f071a074630,f8OrXQQEO,look person,2.8741896779913647,332.6263871763255,116.00493218249076,135.0
2470.866667,Seance_3_AC_Grattoir/,personnepersonne,0dae957c74413c7bb1f738b1fb26f858,d374b75e98d0ceb0a6ff4f071a074630,f8OrXQQEO,listen to,2.8741896779913647,332.6263871763255,116.00493218249076,135.0
2470.866667,Seance_3_AC_Grattoir/,personnepersonne,0dae957c74413c7bb1f738b1fb26f858,d374b75e98d0ceb0a6ff4f071a074630,x-V4hY1dB,look person,147.34787388851768,611.9852034525278,180.7151905440814,264.4736962569387
2470.866667,Seance_3_AC_Grattoir/,personnepersonne,0dae957c74413c7bb1f738b1fb26f858,d374b75e98d0ceb0a6ff4f071a074630,zyC0ElNEY,listen to,7.611031783254522,658.5450543310728,118.3723797780518,121.57893532200862
2470.866667,Seance_3_AC_Grattoir/,personnepersonne,0dae957c74413c7bb1f738b1fb26f858,d374b75e98d0ceb0a6ff4f071a074630,zyC0ElNEY,look person,7.611031783254522,658.5450543310728,118.3723797780518,121.57893532200862
2507.866667,Seance_3_AC_Grattoir/,personnepersonne,0dae957c74413c7bb1f738b1fb26f858,e2aebbb3b0f85dc6d42381af237c924a,kccFQReke,talk to group,47.08470997057463,733.5142041075833,139.6794081381011,251.052649648566
2507.866667,Seance_3_AC_Grattoir/,personnepersonne,0dae957c74413c7bb1f738b1fb26f858,e2aebbb3b0f85dc6d42381af237c924a,0Ezc45vM1,listen to,119.71628289473684,580.4192836775586,171.2453279130703,277.8947609349301
2507.866667,Seance_3_AC_Grattoir/,personnepersonne,0dae957c74413c7bb1f738b1fb26f858,e2aebbb3b0f85dc6d42381af237c924a,DWq6kd2HS,listen to,216.03208441483343,181.10974106041925,280.9371628390876,322.8947247956928
2538.733333,Seance_3_AC_Grattoir/,personnepersonne,0dae957c74413c7bb1f738b1fb26f858,5d5271e6b26125c32b187a58fb0e9dba,oiNwU-9dW,look person,127.6110257600483,611.9852034525278,151.5166461159063,270.0000180696186
2538.733333,Seance_3_AC_Grattoir/,personnepersonne,0dae957c74413c7bb1f738b1fb26f858,5d5271e6b26125c32b187a58fb0e9dba,ZHFqX9T1u,talk to group,48.66365131578947,731.1467565120222,118.3723797780518,213.15789473684208
2573.666667,Seance_3_AC_Grattoir/,personnepersonne,0dae957c74413c7bb1f738b1fb26f858,50feaaffa151a96f39f22ae95811d315,C6BbGFFUp,laugh,7.611031783254522,390.2343027512331,87.59556103575832,94.73684210526316
2573.666667,Seance_3_AC_Grattoir/,personnepersonne,0dae957c74413c7bb1f738b1fb26f858,50feaaffa151a96f39f22ae95811d315,IxZ0jdQEc,listen to,6.821552075837787,647.4969173859433,115.21583114981505,138.1579007600483
2594.8,Seance_3_AC_Grattoir/,personnepersonne,0dae957c74413c7bb1f738b1fb26f858,fd5fd7d3db8f01ceb467da150dfa4a46,53htUPtnr,talk to group,43.92680921052632,735.8816517031443,147.5709242062269,232.89476093493008
2594.8,Seance_3_AC_Grattoir/,personnepersonne,0dae957c74413c7bb1f738b1fb26f858,fd5fd7d3db8f01ceb467da150dfa4a46,5lmdYyPp_,listen to,145.37420172440378,598.5696911606043,189.3958076448829,224.99999999999997
2645.2,Seance_3_AC_Grattoir/,personnepersonne,0dae957c74413c7bb1f738b1fb26f858,2eae401861dbf5a9d3c6702d72955e07,m0KW5JHLP,look person,1.6899791516755744,353.1443145036992,121.52892840628856,151.578947368421
2659.2,Seance_3_AC_Grattoir/,personnepersonne,0dae957c74413c7bb1f738b1fb26f858,947b20b777f36fdd71178c796c0f80e4,6QLP2qj55,listen to,132.34786786531146,596.2022435650432,177.5585696670777,259.7368360820569
2659.2,Seance_3_AC_Grattoir/,personnepersonne,0dae957c74413c7bb1f738b1fb26f858,947b20b777f36fdd71178c796c0f80e4,IocswsyHF,listen to,2.0847099705746297,351.56596794081383,241.47965474722565,157.89473081889903
2659.2,Seance_3_AC_Grattoir/,personnepersonne,0dae957c74413c7bb1f738b1fb26f858,947b20b777f36fdd71178c796c0f80e4,aDdsbn-EI,talk to group,48.66365131578946,730.3575832305797,134.15541191430333,217.1052752043071
2659.2,Seance_3_AC_Grattoir/,personnepersonne,0dae957c74413c7bb1f738b1fb26f858,947b20b777f36fdd71178c796c0f80e4,5j_ALnVFV,look person,215.2426227770353,181.10974106041925,273.0456467709618,322.1052631578947
2697.133333,Seance_3_AC_Grattoir/,personnepersonne,0dae957c74413c7bb1f738b1fb26f858,c865b9c7d33f05688d7b57fd49d09fab,EWwrt6wgz,talk to group,42.34786786531147,720.0986918156598,153.88409371146733,282.63158497057464
2697.133333,Seance_3_AC_Grattoir/,personnepersonne,0dae957c74413c7bb1f738b1fb26f858,c865b9c7d33f05688d7b57fd49d09fab,C6RFDz0e0,look person,13.926815233732524,659.3341553637486,104.16769420468556,121.57895339162724
2697.133333,Seance_3_AC_Grattoir/,personnepersonne,0dae957c74413c7bb1f738b1fb26f858,c865b9c7d33f05688d7b57fd49d09fab,C6RFDz0e0,listen to,13.926815233732524,659.3341553637486,104.16769420468556,121.57895339162724
2761.0,Seance_3_AC_Grattoir/,personnepersonne,0dae957c74413c7bb1f738b1fb26f858,fcd224a8fd9943c515957fbf5e6e9bd4,1038LMMD2,talk to group,30.50576260215357,699.5807644882861,142.83602901510483,284.21054438540807
2761.0,Seance_3_AC_Grattoir/,personnepersonne,0dae957c74413c7bb1f738b1fb26f858,fcd224a8fd9943c515957fbf5e6e9bd4,3jlD5I3Y0,look person,131.55838815789474,581.2083847102343,174.40202103884096,250.26316994114924
2769.0,Seance_3_AC_Grattoir/,personnepersonne,0dae957c74413c7bb1f738b1fb26f858,049ec906c2cd2f393877f34c42fb4cfc,9DokrJ-wk,look person,1.2952302631578947,322.3674596370222,162.56474693665228,170.52631578947367
2769.0,Seance_3_AC_Grattoir/,personnepersonne,0dae957c74413c7bb1f738b1fb26f858,049ec906c2cd2f393877f34c42fb4cfc,9DokrJ-wk,listen to,1.2952302631578947,322.3674596370222,162.56474693665228,170.52631578947367
2781.333333,Seance_3_AC_Grattoir/,personnepersonne,0dae957c74413c7bb1f738b1fb26f858,dca25d7b49839536633b8471646c54be,Kuf0Kt97D,laugh,1.689979151675575,349.59314311035763,84.43894015875465,70.26315187153062
2788.933333,Seance_3_AC_Grattoir/,personnepersonne,0dae957c74413c7bb1f738b1fb26f858,eb3e5e2e7f310742e70a87e28863afa2,YTTgBHoah,laugh,47.87418967799136,754.0320591861899,73.39087546239212,73.42105263157895
2788.933333,Seance_3_AC_Grattoir/,personnepersonne,0dae957c74413c7bb1f738b1fb26f858,eb3e5e2e7f310742e70a87e28863afa2,go034Yjyo,laugh,0.0,342.09617755856976,95.8816276202221,65.02055921052633
2912.466667,Seance_3_AC_Grattoir/,personnepersonne,0dae957c74413c7bb1f738b1fb26f858,19f83a29793d5fb110d4c91f6cc9f8f3,SKnN3XscA,listen to,2.0847099705746297,342.0961775585697,136.52285950986436,160.26315187153062
2912.466667,Seance_3_AC_Grattoir/,personnepersonne,0dae957c74413c7bb1f738b1fb26f858,19f83a29793d5fb110d4c91f6cc9f8f3,SKnN3XscA,look person,2.0847099705746297,342.0961775585697,136.52285950986436,160.26315187153062
2915.933333,Seance_3_AC_Grattoir/,personnepersonne,0dae957c74413c7bb1f738b1fb26f858,b8af45e0af9cee3b4eb19884afccd2d8,Guh-1X3WT,listen to,9.979452835886102,660.1233286451911,101.80024660912454,130.26315789473682
2922.533333,Seance_3_AC_Grattoir/,personnepersonne,0dae957c74413c7bb1f738b1fb26f858,87e37e526cc8b30dcf89da83841a43ce,o96jg3HiJ,talk to group,42.34786786531147,720.8877928483354,153.0949926787916,323.6842045031095
2950.333333,Seance_3_AC_Grattoir/,personnepersonne,0dae957c74413c7bb1f738b1fb26f858,b9c41cc61c864fc4c943982ef64017db,GwfxYqias,listen to,0.0,331.8372500192664,282.51540102882245,167.87420172440378
2950.333333,Seance_3_AC_Grattoir/,personnepersonne,0dae957c74413c7bb1f738b1fb26f858,b9c41cc61c864fc4c943982ef64017db,GwfxYqias,look person,0.0,331.8372500192664,282.51540102882245,167.87420172440378
2950.333333,Seance_3_AC_Grattoir/,personnepersonne,0dae957c74413c7bb1f738b1fb26f858,b9c41cc61c864fc4c943982ef64017db,C2qRHJqLa,look person,2.0847099705746297,349.98769362669543,270.6781991754008,171.31579549689042
2950.333333,Seance_3_AC_Grattoir/,personnepersonne,0dae957c74413c7bb1f738b1fb26f858,b9c41cc61c864fc4c943982ef64017db,G3P8PxTu1,look person,129.18996710526315,574.8952152049939,161.7756097795931,251.0526315789473
2950.333333,Seance_3_AC_Grattoir/,personnepersonne,0dae957c74413c7bb1f738b1fb26f858,b9c41cc61c864fc4c943982ef64017db,MskENZXnm,look person,47.08470997057463,93.51418002466092,190.97411808338472,358.4210586547852
2950.333333,Seance_3_AC_Grattoir/,personnepersonne,0dae957c74413c7bb1f738b1fb26f858,b9c41cc61c864fc4c943982ef64017db,MskENZXnm,listen to,47.08470997057463,93.51418002466092,190.97411808338472,358.4210586547852
2973.066667,Seance_3_AC_Grattoir/,personnepersonne,0dae957c74413c7bb1f738b1fb26f858,7d0dd1c610383c4c125ec5938aa1661c,7GHUhbBpO,talk to person,2.8741896779913647,493.612823674476,108.11348836313194,97.89472479569284
2979.4,Seance_3_AC_Grattoir/,personnepersonne,0dae957c74413c7bb1f738b1fb26f858,fa2f47a951fd8e211465f14a0daa7309,skQgKgQn4,laugh,6.821552075837787,511.76330340628857,76.54742409062885,88.42105865478516
2979.4,Seance_3_AC_Grattoir/,personnepersonne,0dae957c74413c7bb1f738b1fb26f858,fa2f47a951fd8e211465f14a0daa7309,bTmXO4W3v,laugh,63.66365733899568,106.14059128390876,108.113416114365,83.68421654952199
3119.4,Seance_3_AC_Grattoir/,personnepersonne,0dae957c74413c7bb1f738b1fb26f858,07ad1a755904b02a7669102183b84d76,AcsQqiQfp,talk to person,5.242610730622944,654.5992601726264,115.21583114981505,114.47367216411388
3119.4,Seance_3_AC_Grattoir/,personnepersonne,0dae957c74413c7bb1f738b1fb26f858,07ad1a755904b02a7669102183b84d76,ogjptilkY,look person,1.2952302631578947,455.7336621454994,169.66712584771886,108.15790678325452
3152.866667,Seance_3_AC_Grattoir/,personnepersonne,0dae957c74413c7bb1f738b1fb26f858,d85cdc5645b33603d71b12b67163669a,O_UlFOOnx,talk to person,6.032072368421052,641.9729211621456,129.42044447441432,133.42105865478516
3175.133333,Seance_3_AC_Grattoir/,personnepersonne,0dae957c74413c7bb1f738b1fb26f858,43e22bbdbdefa185a65cb4756f72df5a,ydvS7q0jr,talk to person,6.032072368421052,346.83107274969177,155.46244027435267,179.21053836220187
3175.133333,Seance_3_AC_Grattoir/,personnepersonne,0dae957c74413c7bb1f738b1fb26f858,43e22bbdbdefa185a65cb4756f72df5a,Rtie520L2,look person,9.189973128469369,651.4427115443897,135.73361397965476,138.1579007600483
3183.466667,Seance_3_AC_Grattoir/,personnepersonne,0dae957c74413c7bb1f738b1fb26f858,eb7579d50bb24a6bb10d2145e3dc8e40,Dxwyuq5TF,talk to group,54.18997312846936,85.62270008091862,248.5819975339088,375.78946766100427
3212.933333,Seance_3_AC_Grattoir/,personnepersonne,0dae957c74413c7bb1f738b1fb26f858,e0d982a7b7982ae291ab744d6f198f64,o3eVrGypl,talk to person,8.40049342105263,660.9125019266338,116.00493218249076,134.21053836220187
3224.2,Seance_3_AC_Grattoir/,personnepersonne,0dae957c74413c7bb1f738b1fb26f858,041dd4b303e4132e757902e7a810f99c,gNJ3tYWSg,talk to person,2.0847099705746297,645.9186430718249,138.89023485665845,161.8421112863641
3224.2,Seance_3_AC_Grattoir/,personnepersonne,0dae957c74413c7bb1f738b1fb26f858,041dd4b303e4132e757902e7a810f99c,tX0m1W-wi,look person,0.5057686253597851,467.1763496069668,123.89644825061654,105.7894676610043
3236.933333,Seance_3_AC_Grattoir/,personnepersonne,0dae957c74413c7bb1f738b1fb26f858,8b1d0e202e28a75c1e1cfb9c9677d6db,a0OnIIi1a,laugh,2.0847099705746297,395.7583712237978,85.2281134401973,87.6315789473684
3236.933333,Seance_3_AC_Grattoir/,personnepersonne,0dae957c74413c7bb1f738b1fb26f858,8b1d0e202e28a75c1e1cfb9c9677d6db,poP2OKZrT,talk to person,126.03208441483346,570.1603200138718,174.401948790074,281.84210526315786
3255.8,Seance_3_AC_Grattoir/,personnepersonne,0dae957c74413c7bb1f738b1fb26f858,10cbf182744bf3c37a5092ed0307a958,nYfoIi0sh,talk to person,2.8741896779913647,352.3551412222565,123.10727496917389,184.73684210526315
3261.066667,Seance_3_AC_Grattoir/,personnepersonne,0dae957c74413c7bb1f738b1fb26f858,fc9a9ac5ffcba54f85bb7cfd5a5e0ed6,kQYjWt9rs,laugh,0.0,368.1381011097413,45.77067759710236,60.39473684210526
3273.733333,Seance_3_AC_Grattoir/,personnepersonne,0dae957c74413c7bb1f738b1fb26f858,8b3e53ef1eb52a71b3e43237d82431db,bXrVQ5bxT,laugh,18.66365733899568,679.0629094096795,81.28239153051788,67.10526918110094
3308.733333,Seance_3_AC_Grattoir/,personnepersonne,0dae957c74413c7bb1f738b1fb26f858,483c14919131debf5693832811669d0e,SGdrmpwy6,talk to person,6.821552075837787,666.4364981504316,114.4266578683724,144.4736842105263
3339.266667,Seance_3_AC_Grattoir/,personnepersonne,0dae957c74413c7bb1f738b1fb26f858,29ef27aed800b2d3bc952152e5bd8c7e,gwaRBfDe3,laugh,4.4531310232062085,430.4809118757707,69.44515355271271,77.36841502942536
3339.266667,Seance_3_AC_Grattoir/,personnepersonne,0dae957c74413c7bb1f738b1fb26f858,29ef27aed800b2d3bc952152e5bd8c7e,kU_vWr_E5,laugh,331.2952543559827,364.1923792000617,193.34152955456227,197.3684451454564
3440.266667,Seance_3_AC_Grattoir/,personnepersonne,0dae957c74413c7bb1f738b1fb26f858,aa1674b96bd2ca7a19d5beab5f597dd4,PhvLlL9UD,laugh,147.34787388851768,257.6572373998151,112.84831130548706,137.36842105263156
3449.2,Seance_3_AC_Grattoir/,personnepersonne,0dae957c74413c7bb1f738b1fb26f858,74c37821e0e5d4c06cdafa536984d1bb,GJPPMNn7U,talk to group,109.4531370464124,602.5154130702837,157.8298878699137,251.84209321674547
3461.066667,Seance_3_AC_Grattoir/,personnepersonne,0dae957c74413c7bb1f738b1fb26f858,a68dc66e42ea0f2866a574c1c5f1f0b8,hj0FBkSgj,look person,6.821552075837787,215.0431806797164,145.99257764334158,426.3158075433028
3466.8,Seance_3_AC_Grattoir/,personnepersonne,0dae957c74413c7bb1f738b1fb26f858,6879264ed2c9687b0cdd5c9ffec0ade6,AgCYK59jF,look person,7.611031783254522,461.25773061806416,104.95686748612825,97.89472479569284
3477.333333,Seance_3_AC_Grattoir/,personnepersonne,0dae957c74413c7bb1f738b1fb26f858,89e8fa92ba50091a4fa5f9cc0f31a856,s7Q-j5DBl,laugh,120.50576260215357,608.828654824291,109.69169042848335,99.47370228014492
3477.333333,Seance_3_AC_Grattoir/,personnepersonne,0dae957c74413c7bb1f738b1fb26f858,89e8fa92ba50091a4fa5f9cc0f31a856,RRr-L45U3,laugh,2.0847099705746297,253.71147936575215,83.64980300169545,72.6315729241622
1.733333,Seance_3_AC_Grattoir/,personnepersonne,e58012023d28019e0770c28afc1ada42,30812c0e9552d3f66d503371f7527c38,q3JNq2M2d,Talk to group,204.97944078947367,203.20594270191123,318.0271510866215,335.0205592105263
1.733333,Seance_3_AC_Grattoir/,personnepersonne,e58012023d28019e0770c28afc1ada42,30812c0e9552d3f66d503371f7527c38,xSugaJzyo,listen to,120.50576260215357,565.4254248227497,179.13684398119605,299.2105323389957
16.866667,Seance_3_AC_Grattoir/,personnepersonne,e58012023d28019e0770c28afc1ada42,948c0393542bb1d69792633d6945b582,YRQexW9EH,Look person,36.03208441483347,121.92355117139334,128.6313434417386,230.52630374306125
48.533333,Seance_3_AC_Grattoir/,personnepersonne,e58012023d28019e0770c28afc1ada42,85e6afdc6a0a28095c13943eb0207456,rpCSNNoun,Talk to person,11.558394181100946,670.3822923088779,101.80024660912454,124.73683608205694
120.4,Seance_3_AC_Grattoir/,personnepersonne,e58012023d28019e0770c28afc1ada42,b546afd10355d541d46f3592a95192f7,7Yfjtljuz,Talk to person,6.821552075837787,659.3341553637486,110.48093595869298,119.21053233899568
120.4,Seance_3_AC_Grattoir/,personnepersonne,e58012023d28019e0770c28afc1ada42,b546afd10355d541d46f3592a95192f7,lP25KVWEF,listen to,0.0,466.7817990906289,145.2034043618989,116.55840020430716
132.933333,Seance_3_AC_Grattoir/,personnepersonne,e58012023d28019e0770c28afc1ada42,16823ea713a07f4345ebeb3f92d19b8c,NhbtMN4ny,laugh,2.8741896779913647,362.6141048859433,71.81252889950679,61.57894736842105
175.266667,Seance_3_AC_Grattoir/,personnepersonne,e58012023d28019e0770c28afc1ada42,f22e53df3b9b1d685c826d0a179bf0df,LkWGJeGv9,Talk to person,6.821552075837787,331.8372500192664,162.56474693665228,194.2105443854081
175.266667,Seance_3_AC_Grattoir/,personnepersonne,e58012023d28019e0770c28afc1ada42,f22e53df3b9b1d685c826d0a179bf0df,iJzGSszEW,listen to,0.0,668.014844713317,110.48086370992604,136.2952302631579
210.733333,Seance_3_AC_Grattoir/,personnepersonne,e58012023d28019e0770c28afc1ada42,20bc3306b8ea75d35f18f6083e20fa9b,muXFfIV7M,Talk to group,9.189973128469369,653.0209858585081,142.04685573366214,143.68420450310956
236.333333,Seance_3_AC_Grattoir/,personnepersonne,e58012023d28019e0770c28afc1ada42,78421545ca0c2fc30996e37871bfe288,PpAT7mMbS,laugh,4.4531310232062085,394.18002466091247,83.64983912607892,90.0
306.533333,Seance_3_AC_Grattoir/,personnepersonne,e58012023d28019e0770c28afc1ada42,90bae6cee37b0722efc285c8d2352be6,zWHgzlWFi,Talk to person,13.137335526315788,679.0629094096795,108.113416114365,122.36843309904398
306.533333,Seance_3_AC_Grattoir/,personnepersonne,e58012023d28019e0770c28afc1ada42,90bae6cee37b0722efc285c8d2352be6,Zj6hWnUbO,Talk to group,115.76892049689042,130.6042043965783,227.2750052982429,421.5789654380396
314.6,Seance_3_AC_Grattoir/,personnepersonne,e58012023d28019e0770c28afc1ada42,598c6c0d748f77e0c4aaac0c724f3465,lDON97YcH,laugh,0.0,407.595609201603,85.22811344019729,77.87418365478516
338.2,Seance_3_AC_Grattoir/,personnepersonne,e58012023d28019e0770c28afc1ada42,50bdb82447277567ccf250c882b8ad15,5zrJJpBsF,laugh,331.2952543559827,368.9272743911837,167.2996060033909,170.52631578947367
338.2,Seance_3_AC_Grattoir/,personnepersonne,e58012023d28019e0770c28afc1ada42,50bdb82447277567ccf250c882b8ad15,3METCCoJI,laugh,6.821552075837787,424.95684340320594,81.28239153051788,82.89473684210526
372.866667,Seance_3_AC_Grattoir/,personnepersonne,e58012023d28019e0770c28afc1ada42,096fcb93a32fc46589b5798b0a787db4,Eq2MajbhH,laugh,251.55840020430716,617.5092719250925,140.4685814195438,116.05263157894736
396.333333,Seance_3_AC_Grattoir/,personnepersonne,e58012023d28019e0770c28afc1ada42,fb8a023f7a328c736f0cbe0e9750044c,JcUZjNhaD,Talk to person,142.6110317832545,590.6781750924785,174.40202103884096,239.99998795358755
398.933333,Seance_3_AC_Grattoir/,personnepersonne,e58012023d28019e0770c28afc1ada42,5128ff0c4ed2a30641bf80d45dda1089,nvDm1LFJZ,laugh,43.1373475727282,75.36377254161529,119.95065409217015,138.1578826904297
398.933333,Seance_3_AC_Grattoir/,personnepersonne,e58012023d28019e0770c28afc1ada42,5128ff0c4ed2a30641bf80d45dda1089,nptxCQqb9,laugh,137.0847099705746,585.9432799013564,182.29346485819977,225.78947970741672
420.333333,Seance_3_AC_Grattoir/,personnepersonne,e58012023d28019e0770c28afc1ada42,6af0feb75b92510586449583664891c7,2ZaHqTMSQ,Talk to person,123.66366336220187,585.9432799013564,187.8175333307645,301.5789353220086
439.733333,Seance_3_AC_Grattoir/,personnepersonne,e58012023d28019e0770c28afc1ada42,2053a21f24f5dedbc86b28807f74d405,HC0hOwyY8,laugh,144.9794528358861,233.19358816276204,138.10113382398274,135.0
449.733333,Seance_3_AC_Grattoir/,personnepersonne,e58012023d28019e0770c28afc1ada42,f64503b60d913fbf9c5f3602d8c015ec,YLH28NJRN,Talk to group,114.18997915167556,600.9371387561653,174.401948790074,289.7368300588507
474.866667,Seance_3_AC_Grattoir/,personnepersonne,e58012023d28019e0770c28afc1ada42,722cc86ba9868d0d17974314e1f3b7b1,AmBkvwW6f,laugh,102.34787388851768,642.7620221948213,103.37859317200989,123.1578947368421
499.466667,Seance_3_AC_Grattoir/,personnepersonne,e58012023d28019e0770c28afc1ada42,f61659053d99090fffb56a1bf7e0fdbe,SufMfLdHB,Talk to group,0.5057595905504728,223.72379778051788,232.00986436498152,365.52631277787054
514.733333,Seance_3_AC_Grattoir/,personnepersonne,e58012023d28019e0770c28afc1ada42,5efe0093c23c99b1cf5ed57b133de0fb,NUlhKBRYe,Look person,5.242610730622944,336.57214521038844,137.31199666692356,176.8421173095703
539.4,Seance_3_AC_Grattoir/,personnepersonne,e58012023d28019e0770c28afc1ada42,07ef3a461a040c0682b5e905495e17ef,p7Nq04q7W,Talk to group,307.6110438296669,274.2293705687423,253.31689272503084,232.38895617033305
539.4,Seance_3_AC_Grattoir/,personnepersonne,e58012023d28019e0770c28afc1ada42,07ef3a461a040c0682b5e905495e17ef,EEsk1jdZp,listen to,1.2952302631578947,459.67945630394576,148.3600252389026,129.47369625693872
548.466667,Seance_3_AC_Grattoir/,personnepersonne,e58012023d28019e0770c28afc1ada42,0bff08adb266f26348027fe968141edb,xqkSWWeqF,laugh,11.558394181100946,375.2404438964242,87.59556103575832,101.05262555574114
552.8,Seance_3_AC_Grattoir/,personnepersonne,e58012023d28019e0770c28afc1ada42,df5c4b37d61576326702725f50e3b0e3,7dUIIKZ-D,laugh,126.03208441483346,627.7682355887794,127.84217016029594,130.26315789473682
565.2,Seance_3_AC_Grattoir/,personnepersonne,e58012023d28019e0770c28afc1ada42,d366dd2d3cfbf498a2b74c5d6b6f55b9,uQB9h5NCS,Talk to group,185.2426107306229,191.36870472410607,225.6966948597411,354.75738926937703
576.2,Seance_3_AC_Grattoir/,personnepersonne,e58012023d28019e0770c28afc1ada42,fc8582c9fd3ffe3e53ef9895a431ea80,KvgDa1M5o,Look person,0.0,323.1565967940814,143.62520229654749,170.24262277703534
576.2,Seance_3_AC_Grattoir/,personnepersonne,e58012023d28019e0770c28afc1ada42,fc8582c9fd3ffe3e53ef9895a431ea80,KvgDa1M5o,laugh,0.0,323.1565967940814,143.62520229654749,170.24262277703534
577.133333,Seance_3_AC_Grattoir/,personnepersonne,e58012023d28019e0770c28afc1ada42,584ea48b50355d775d8bd4a001e54ca5,VZnPjeYHf,laugh,139.4531310232062,630.1356831843403,111.27003699136868,116.8421112863641
577.133333,Seance_3_AC_Grattoir/,personnepersonne,e58012023d28019e0770c28afc1ada42,584ea48b50355d775d8bd4a001e54ca5,yCiOlJ_Ra,laugh,8.40049342105263,709.839728151973,76.5474963393958,91.57895941483346
577.133333,Seance_3_AC_Grattoir/,personnepersonne,e58012023d28019e0770c28afc1ada42,584ea48b50355d775d8bd4a001e54ca5,19-5F7nPd,laugh,1.2952302631578947,349.98769362669543,107.32431508168928,77.368433099044
659.8,Seance_3_AC_Grattoir/,personnepersonne,e58012023d28019e0770c28afc1ada42,f44da7897fce500279747eca418274c8,N0iVfF-Au,laugh,12.34787388851768,127.44761964395808,149.1491985203453,140.52630374306125
723.6,Seance_3_AC_Grattoir/,personnepersonne,e58012023d28019e0770c28afc1ada42,8f393f3dae948cf7b900924a8069a04b,K9TdYjVr4,Talk to group,158.40051751387745,166.11591832999383,257.26265075909373,380.5262916966488
723.6,Seance_3_AC_Grattoir/,personnepersonne,e58012023d28019e0770c28afc1ada42,8f393f3dae948cf7b900924a8069a04b,YVsnEZsFX,Look person,4.4531310232062085,341.3070404015105,135.73365010403822,169.73683608205693
730.866667,Seance_3_AC_Grattoir/,personnepersonne,e58012023d28019e0770c28afc1ada42,4a6e6baea84845eeadf9f39267e6e8c6,P56hxh15L,Talk to person,116.55840020430716,568.5820456997535,197.2872514642416,327.52054716411385
776.4,Seance_3_AC_Grattoir/,personnepersonne,e58012023d28019e0770c28afc1ada42,bad73e7b6dc32a9c93c71fe6207b7352,BL6xuWgud,Talk to person,0.0,649.8643649815043,132.577065351418,147.6315849705746
780.933333,Seance_3_AC_Grattoir/,personnepersonne,e58012023d28019e0770c28afc1ada42,9d99ca309993563ec12f6044b2a25a3b,eC6EU7lAg,Look person,9.189973128469369,327.89149198520346,163.35388409371149,204.4736902337325
780.933333,Seance_3_AC_Grattoir/,personnepersonne,e58012023d28019e0770c28afc1ada42,9d99ca309993563ec12f6044b2a25a3b,cCSbHTznV,Talk to person,117.34786184210526,80.88780488979656,280.1479534332614,367.8947609349301
785.733333,Seance_3_AC_Grattoir/,personnepersonne,e58012023d28019e0770c28afc1ada42,84019a546309764cfb2a217ac0c64648,0ndIOFClv,Talk to person,1.2952302631578947,664.8582238363132,108.90258939580764,161.05263157894734
803.533333,Seance_3_AC_Grattoir/,personnepersonne,e58012023d28019e0770c28afc1ada42,2776413bb9f4ccf3b0bdec3d923868e4,A22NSkf4R,Talk to person,2.0847099705746297,311.31935881627624,164.14305737515414,187.89474286531143
803.533333,Seance_3_AC_Grattoir/,personnepersonne,e58012023d28019e0770c28afc1ada42,2776413bb9f4ccf3b0bdec3d923868e4,ItCajmhC4,Look person,151.2952362863641,585.1541788686807,192.5523562731196,247.89473081889903
823.666667,Seance_3_AC_Grattoir/,personnepersonne,e58012023d28019e0770c28afc1ada42,6bbdfdccfd9bd04b438bbccf22841688,GIkfqrF89,Talk to group,135.50576862535976,74.57459926017263,288.0395056257707,393.9473563746402
823.666667,Seance_3_AC_Grattoir/,personnepersonne,e58012023d28019e0770c28afc1ada42,6bbdfdccfd9bd04b438bbccf22841688,nbvHg-jMY,listen to,2.0847099705746297,324.7349072325832,138.89027098104194,255.78949175382917
828.0,Seance_3_AC_Grattoir/,personnepersonne,e58012023d28019e0770c28afc1ada42,12a9ee7fee8dd00317e8e15df4b8efdc,gwNOhixVx,Talk to person,2.8741896779913647,301.84956843403205,176.769468634402,202.1052511114823
828.0,Seance_3_AC_Grattoir/,personnepersonne,e58012023d28019e0770c28afc1ada42,12a9ee7fee8dd00317e8e15df4b8efdc,0FgMjRN-g,Look person,6.032072368421052,668.8039457459927,108.90258939580764,135.78947970741672
836.933333,Seance_3_AC_Grattoir/,personnepersonne,e58012023d28019e0770c28afc1ada42,6465bddbbf5819b0733527b6d0f7494e,SAYpwNvk-,laugh,0.0,482.9593094944515,67.47225647348954,73.13734154952196
840.866667,Seance_3_AC_Grattoir/,personnepersonne,e58012023d28019e0770c28afc1ada42,e1917fd0ace342b8d53b55b82e991382,Ehj6Szgx2,Talk to person,4.4531310232062085,317.63256444590013,160.19729934109125,236.05262555574117
864.4,Seance_3_AC_Grattoir/,personnepersonne,e58012023d28019e0770c28afc1ada42,21f35fb7b708c182fbcf820e0a11f76f,RSOvBZjLs,Talk to person,6.821552075837787,664.8582238363132,128.6313434417386,148.42104660837273
864.4,Seance_3_AC_Grattoir/,personnepersonne,e58012023d28019e0770c28afc1ada42,21f35fb7b708c182fbcf820e0a11f76f,WQDBlK55e,Look person,2.0847099705746297,331.8372500192664,140.4685452951603,160.26315187153062
866.0,Seance_3_AC_Grattoir/,personnepersonne,e58012023d28019e0770c28afc1ada42,7479cca51af1bdb9c8f149b47e2cb83a,X_v0Ax4v2,laugh,2.8741896779913647,357.8792096948212,99.43279901356352,85.26315789473684
883.933333,Seance_3_AC_Grattoir/,personnepersonne,e58012023d28019e0770c28afc1ada42,fa50bff76bc1864b916fa7a6154373d0,P8ATbygPr,laugh,0.0,353.93341553637487,84.43901240752159,50.24261073062294
883.933333,Seance_3_AC_Grattoir/,personnepersonne,e58012023d28019e0770c28afc1ada42,fa50bff76bc1864b916fa7a6154373d0,SDSUSKdtr,Talk to person,174.97946488229852,140.07399477882245,295.1418122880703,360.7894977770353
883.933333,Seance_3_AC_Grattoir/,personnepersonne,e58012023d28019e0770c28afc1ada42,fa50bff76bc1864b916fa7a6154373d0,XW5ImDdJ1,Look person,6.821552075837787,675.1171875,116.00493218249076,135.78947970741672
904.6,Seance_3_AC_Grattoir/,personnepersonne,e58012023d28019e0770c28afc1ada42,6979a10c0a245f620b0c9163e72d2ef5,QZRDr1OnY,Look person,6.821552075837787,321.57832247996305,164.93215840782986,214.73683608205693
904.6,Seance_3_AC_Grattoir/,personnepersonne,e58012023d28019e0770c28afc1ada42,6979a10c0a245f620b0c9163e72d2ef5,xqzEwbOfm,Talk to person,5.242610730622944,672.749739904439,110.48086370992604,144.4736842105263
904.6,Seance_3_AC_Grattoir/,personnepersonne,e58012023d28019e0770c28afc1ada42,6979a10c0a245f620b0c9163e72d2ef5,meXw_mvft,Look person,126.82154605263158,559.901356350185,197.28732371300865,263.6842346191406
904.6,Seance_3_AC_Grattoir/,personnepersonne,e58012023d28019e0770c28afc1ada42,6979a10c0a245f620b0c9163e72d2ef5,meXw_mvft,listen to,126.82154605263158,559.901356350185,197.28732371300865,263.6842346191406
936.6,Seance_3_AC_Grattoir/,personnepersonne,e58012023d28019e0770c28afc1ada42,142fbdfefd7c563d5d0db1e22645c0d6,KDoXpD3yM,Talk to person,3.6636513157894735,660.1233286451911,127.05299687885328,146.05264362535976
936.6,Seance_3_AC_Grattoir/,personnepersonne,e58012023d28019e0770c28afc1ada42,142fbdfefd7c563d5d0db1e22645c0d6,tU2tXXFpC,Look person,286.2952543559827,297.11467324291,242.26882802866837,253.70474564401724
936.6,Seance_3_AC_Grattoir/,personnepersonne,e58012023d28019e0770c28afc1ada42,142fbdfefd7c563d5d0db1e22645c0d6,tU2tXXFpC,listen to,286.2952543559827,297.11467324291,242.26882802866837,253.70474564401724
939.666667,Seance_3_AC_Grattoir/,personnepersonne,e58012023d28019e0770c28afc1ada42,c38ce7e9c079bfdff897d579b142bcc1,z1w9L1oPV,Look person,0.0,325.5240443896424,141.25775470098645,117.34786184210526
959.866667,Seance_3_AC_Grattoir/,personnepersonne,e58012023d28019e0770c28afc1ada42,b6c6c027b490c1f480e150ec4655bf1f,xadiK0PiO,laugh,0.0,375.2404438964242,81.28239153051788,42.34786786531147
959.866667,Seance_3_AC_Grattoir/,personnepersonne,e58012023d28019e0770c28afc1ada42,b6c6c027b490c1f480e150ec4655bf1f,E5mt5Pj6I,laugh,131.55838815789474,567.0036991368681,121.5290006550555,98.6842225727282
961.466667,Seance_3_AC_Grattoir/,personnepersonne,e58012023d28019e0770c28afc1ada42,53fed5b93e2fcfbfff7441544491d2c9,eT8DTUz9s,listen to,19.45313704641241,655.3884334540691,122.3181016877312,135.7894616377981
961.466667,Seance_3_AC_Grattoir/,personnepersonne,e58012023d28019e0770c28afc1ada42,53fed5b93e2fcfbfff7441544491d2c9,eT8DTUz9s,Look person,19.45313704641241,655.3884334540691,122.3181016877312,135.7894616377981
967.466667,Seance_3_AC_Grattoir/,personnepersonne,e58012023d28019e0770c28afc1ada42,63e64141f1369a376d9365ac700db1a1,8g4yaHBLa,Talk to person,4.4531310232062085,309.74108450215783,181.5042915767571,213.94737444425883
973.733333,Seance_3_AC_Grattoir/,personnepersonne,e58012023d28019e0770c28afc1ada42,404688a932c205a257cf41810156a698,WdId5krDj,laugh,151.2952362863641,656.1776067355117,111.27003699136868,115.26315187153062
981.6,Seance_3_AC_Grattoir/,personnepersonne,e58012023d28019e0770c28afc1ada42,ed430cd13ed882b88325691526762ad0,-vDCPqlDO,Talk to person,2.0847099705746297,316.0542540073983,169.66712584771886,221.8420992399517
981.6,Seance_3_AC_Grattoir/,personnepersonne,e58012023d28019e0770c28afc1ada42,ed430cd13ed882b88325691526762ad0,4amLSdvEA,laugh,148.92681523373253,650.653538262947,127.05299687885328,103.42104660837272
981.6,Seance_3_AC_Grattoir/,personnepersonne,e58012023d28019e0770c28afc1ada42,ed430cd13ed882b88325691526762ad0,cwl_cuJBx,Look person,7.611031783254522,663.2799495221949,123.89637600184956,130.26315789473682
985.066667,Seance_3_AC_Grattoir/,personnepersonne,e58012023d28019e0770c28afc1ada42,5877ac3e7ae9134f3ceb971ac52bc7f5,A9RilF2au,laugh,1.2952302631578947,364.9815524815044,108.113416114365,78.1578947368421
995.4,Seance_3_AC_Grattoir/,personnepersonne,e58012023d28019e0770c28afc1ada42,dfc7ca72491c28bd6268b71f44a19bba,R3Frk4nhQ,Talk to group,133.9268092105263,768.2367447595561,182.29346485819977,404.2105745014391
995.4,Seance_3_AC_Grattoir/,personnepersonne,e58012023d28019e0770c28afc1ada42,dfc7ca72491c28bd6268b71f44a19bba,EbVVR_DwC,laugh,2.0847099705746297,367.3490000770654,85.22811344019729,81.31579549689042
1004.866667,Seance_3_AC_Grattoir/,personnepersonne,e58012023d28019e0770c28afc1ada42,61354166a638fcd57d212ee586d01214,Zg4_oOmQT,Talk to person,2.0847099705746297,312.10853209771886,173.21822499229347,193.31002687153065
1034.0,Seance_3_AC_Grattoir/,personnepersonne,e58012023d28019e0770c28afc1ada42,6f8f4b4ed940d6c6cbc8d6977d8089de,26E45k8oP,Look person,3.6636513157894735,324.7349072325832,175.19115819590013,176.0526556717722
1035.933333,Seance_3_AC_Grattoir/,personnepersonne,e58012023d28019e0770c28afc1ada42,d028f1d2bc30bbc1ba2aefbf0302ead7,mNcTc-zU0,listen to,140.24261073062294,530.7028841707769,235.95558627466093,326.8421414023951
1035.933333,Seance_3_AC_Grattoir/,personnepersonne,e58012023d28019e0770c28afc1ada42,d028f1d2bc30bbc1ba2aefbf0302ead7,Zg89X_SG8,listen to,13.137335526315788,652.2318125770654,129.4205167231813,126.31579549689042
1049.266667,Seance_3_AC_Grattoir/,personnepersonne,e58012023d28019e0770c28afc1ada42,cc4c83200730c2dbdae2134263f4b41d,Hf0Daqzou,laugh,0.0,363.403205918619,113.63748458692972,73.13734154952199
1082.733333,Seance_3_AC_Grattoir/,personnepersonne,e58012023d28019e0770c28afc1ada42,33a57f04df59b8188fcbd7c2cabc620f,3fevXg-Ic,Talk to person,9.189973128469369,359.4574840089396,149.93837180178792,183.9473623978464
1082.733333,Seance_3_AC_Grattoir/,personnepersonne,e58012023d28019e0770c28afc1ada42,33a57f04df59b8188fcbd7c2cabc620f,xLkdr5Rr6,Talk to person,10.768914473684209,670.3822923088779,123.10727496917389,135.0
1082.733333,Seance_3_AC_Grattoir/,personnepersonne,e58012023d28019e0770c28afc1ada42,33a57f04df59b8188fcbd7c2cabc620f,xLkdr5Rr6,laugh,10.768914473684209,670.3822923088779,123.10727496917389,135.0
1129.866667,Seance_3_AC_Grattoir/,personnepersonne,e58012023d28019e0770c28afc1ada42,74c5bbb682e587def0061496dfdd5eb5,ijhhQwocm,Talk to group,2.8741896779913647,325.5240443896424,165.72133168927252,243.1579067832545
1129.866667,Seance_3_AC_Grattoir/,personnepersonne,e58012023d28019e0770c28afc1ada42,74c5bbb682e587def0061496dfdd5eb5,n42SzJC1a,Look person,2.8741896779913647,499.9260654284834,101.80024660912454,107.36840900621915
1129.866667,Seance_3_AC_Grattoir/,personnepersonne,e58012023d28019e0770c28afc1ada42,74c5bbb682e587def0061496dfdd5eb5,n42SzJC1a,listen to,2.8741896779913647,499.9260654284834,101.80024660912454,107.36840900621915
1142.2,Seance_3_AC_Grattoir/,personnepersonne,e58012023d28019e0770c28afc1ada42,5a77e01734f6a08a7370981f10555e03,dNIcPz13O,Look person,2.8741896779913647,319.210874884402,166.51050497071515,180.7894616377981
1144.6,Seance_3_AC_Grattoir/,personnepersonne,e58012023d28019e0770c28afc1ada42,66f58286fcfdff406d876de0e0288be4,dSQDQ_Xf3,Talk to group,12.34787388851768,625.0061652281134,133.76078914919867,128.57317874306125
1162.933333,Seance_3_AC_Grattoir/,personnepersonne,e58012023d28019e0770c28afc1ada42,707ec75e4c24da20f8db33a39c1e79e0,h5m_23BA6,Talk to group,2.8741896779913647,311.31935881627624,175.98029535295933,251.0526315789473
1169.266667,Seance_3_AC_Grattoir/,personnepersonne,e58012023d28019e0770c28afc1ada42,4fc29435c80bab2223e4a0712490db18,88D_oYGTb,Talk to person,9.189973128469369,667.2256714318743,116.00493218249076,140.5263218126799
1169.266667,Seance_3_AC_Grattoir/,personnepersonne,e58012023d28019e0770c28afc1ada42,4fc29435c80bab2223e4a0712490db18,1WEMtfOt0,Talk to person,2.0847099705746297,308.162774063656,168.87791644189272,228.1579007600483
1170.8,Seance_3_AC_Grattoir/,personnepersonne,e58012023d28019e0770c28afc1ada42,ab25620f34e2dfbaf6f8241fd1c1c0d5,LzKzWqenv,Look person,1.2952302631578947,318.42170160295933,159.40816218403208,193.42106467799132
1224.0,Seance_3_AC_Grattoir/,personnepersonne,e58012023d28019e0770c28afc1ada42,63cefa053375fad615723e19f40e0f8c,O8rUqWPUt,Talk to group,330.50575657894734,297.9038465243527,306.1899131088163,209.4942434210526
1225.733333,Seance_3_AC_Grattoir/,personnepersonne,e58012023d28019e0770c28afc1ada42,6ccf34882568f88a09d8b6a82b961f37,Y3TclgI9d,listen to,2.0847099705746297,334.9938347718865,172.8236744759556,281.05262555574114
1225.733333,Seance_3_AC_Grattoir/,personnepersonne,e58012023d28019e0770c28afc1ada42,6ccf34882568f88a09d8b6a82b961f37,Y3TclgI9d,Look person,2.0847099705746297,334.9938347718865,172.8236744759556,281.05262555574114
1239.933333,Seance_3_AC_Grattoir/,personnepersonne,e58012023d28019e0770c28afc1ada42,e5be0601e31f4381aae7f914c05d01a8,4u_Fz3zrW,point person,126.82154605263158,478.2244143033293,306.5844636251544,313.7047697368421
1254.733333,Seance_3_AC_Grattoir/,personnepersonne,e58012023d28019e0770c28afc1ada42,10815b725a47470ecb2dfd0d69d655ac,dG5HHswLK,laugh,6.821552075837787,394.18002466091247,98.6436979808878,81.31579549689042
1264.133333,Seance_3_AC_Grattoir/,personnepersonne,e58012023d28019e0770c28afc1ada42,e05a258d0ea963cbdee888d7d804dfa8,F_PEc6DUM,Talk to person,11.558394181100946,625.4007879932183,150.72747283446364,128.68421654952198
1264.133333,Seance_3_AC_Grattoir/,personnepersonne,e58012023d28019e0770c28afc1ada42,e05a258d0ea963cbdee888d7d804dfa8,zjHeNiQLl,Look person,2.8741896779913647,490.4562750462392,284.0937114673243,124.73683608205694
1265.6,Seance_3_AC_Grattoir/,personnepersonne,e58012023d28019e0770c28afc1ada42,1c729f50761ce574541e6131dca8b680,ymsB_EHm-,Look person,103.9268152337325,523.6005413840938,280.9370905903206,316.57894134521484
1287.466667,Seance_3_AC_Grattoir/,personnepersonne,e58012023d28019e0770c28afc1ada42,1d4d81cb5fec04c91e1ae4d56f4cc9c5,ILAIgNYCe,Talk to group,0.5057595905504728,296.32553608585084,214.64859403899507,256.57894435681794
1299.933333,Seance_3_AC_Grattoir/,personnepersonne,e58012023d28019e0770c28afc1ada42,2d3424f9a1fec7eed4ba5421adab6445,vKPvCo6xL,Look person,1.2952302631578947,292.3797780517879,212.28118256781752,240.7894857306229
1318.666667,Seance_3_AC_Grattoir/,personnepersonne,e58012023d28019e0770c28afc1ada42,8062b3373afb185c76f25b7fd3b24462,Z-Eu16XLY,laugh,2.8741896779913647,393.3909236282368,93.1195572595561,100.2631458483244
1318.666667,Seance_3_AC_Grattoir/,personnepersonne,e58012023d28019e0770c28afc1ada42,8062b3373afb185c76f25b7fd3b24462,U_qmM3VWo,laugh,152.08471599378083,641.1837478807029,115.21575890104808,129.47369625693872
1326.8,Seance_3_AC_Grattoir/,personnepersonne,e58012023d28019e0770c28afc1ada42,ee5a0e73a590a66a346025e92d02b328,5PI2cVpar,Look person,12.34787388851768,320.7891491985204,182.29346485819977,249.47367216411388
1326.8,Seance_3_AC_Grattoir/,personnepersonne,e58012023d28019e0770c28afc1ada42,ee5a0e73a590a66a346025e92d02b328,5PI2cVpar,Talk to person,12.34787388851768,320.7891491985204,182.29346485819977,249.47367216411388
1332.333333,Seance_3_AC_Grattoir/,personnepersonne,e58012023d28019e0770c28afc1ada42,296652f009b26339dd2faa45eb7ef3a2,dZL5BH7Eg,Talk to person,7.611031783254522,647.4969173859433,131.7879643187423,142.10526315789474
1350.266667,Seance_3_AC_Grattoir/,personnepersonne,e58012023d28019e0770c28afc1ada42,605159742281ee942a85d9f383429935,7Nb5sb7te,Talk to person,1.2952302631578947,323.1565967940814,176.769468634402,294.47370830335115
1359.266667,Seance_3_AC_Grattoir/,personnepersonne,e58012023d28019e0770c28afc1ada42,5fc1b59402fa2ee9af7eba806ab748f2,JUyzo9F8-,Talk to person,2.0847099705746297,307.3736369065968,181.5042915767571,279.47370228014495
1359.266667,Seance_3_AC_Grattoir/,personnepersonne,e58012023d28019e0770c28afc1ada42,5fc1b59402fa2ee9af7eba806ab748f2,U97xMUPVP,laugh,145.7689144736842,672.749739904439,112.0591380240444,124.73685415167556
1369.4,Seance_3_AC_Grattoir/,personnepersonne,e58012023d28019e0770c28afc1ada42,28ed4615e67c823197708229403be295,n62KB-h2V,laugh,2.0847099705746297,361.8249316045007,94.69790382244145,91.57894134521484
1369.4,Seance_3_AC_Grattoir/,personnepersonne,e58012023d28019e0770c28afc1ada42,28ed4615e67c823197708229403be295,w-udIKtX5,listen to,2.0847099705746297,671.1713933415537,101.80024660912454,146.8421052631579
1381.866667,Seance_3_AC_Grattoir/,personnepersonne,e58012023d28019e0770c28afc1ada42,18bea46a33cdbb30924f213c7505ceea,EVT7TLg9O,listen to,3.6636513157894735,308.162774063656,188.6066704878237,176.8421173095703
1381.866667,Seance_3_AC_Grattoir/,personnepersonne,e58012023d28019e0770c28afc1ada42,18bea46a33cdbb30924f213c7505ceea,PGUv8crOl,listen to,146.55839418110094,622.2441671162146,149.1491985203453,223.42105865478516
1393.6,Seance_3_AC_Grattoir/,personnepersonne,e58012023d28019e0770c28afc1ada42,32a1a6eca4d2a43631bcedc95a7188f6,Q_gkdBgWS,Talk to person,4.4531310232062085,318.42170160295933,172.03457344327992,315.7894797074167
1411.266667,Seance_3_AC_Grattoir/,personnepersonne,e58012023d28019e0770c28afc1ada42,25772b23e57420bea8c35a476852af23,841eLs8zh,Talk to person,11.558394181100946,657.7558810496301,116.79410546393342,121.57895339162724
1417.6,Seance_3_AC_Grattoir/,personnepersonne,e58012023d28019e0770c28afc1ada42,63622f9ec8539480d8c0dc31b83413c6,wEwWE-hDw,Talk to person,0.5057595905504728,316.0542540073983,217.8051787916153,262.10528423911643
1423.266667,Seance_3_AC_Grattoir/,personnepersonne,e58012023d28019e0770c28afc1ada42,8569b387a379f7e9c3ece0526156f1a3,0nyl_CxrD,Talk to person,9.189973128469369,658.5450543310728,111.27003699136868,138.9473623978464
1436.666667,Seance_3_AC_Grattoir/,personnepersonne,e58012023d28019e0770c28afc1ada42,7a87bf9f6f81dd147ade9b356a82364b,2XcTxA379,Talk to person,0.0,300.2712941199137,176.76939638563502,245.2425986842105
1436.666667,Seance_3_AC_Grattoir/,personnepersonne,e58012023d28019e0770c28afc1ada42,7a87bf9f6f81dd147ade9b356a82364b,s_Iu_4n3X,listen to,12.34787388851768,660.9125019266338,118.3723797780518,119.99999397679376
1436.666667,Seance_3_AC_Grattoir/,personnepersonne,e58012023d28019e0770c28afc1ada42,7a87bf9f6f81dd147ade9b356a82364b,s_Iu_4n3X,Look person,12.34787388851768,660.9125019266338,118.3723797780518,119.99999397679376
1443.666667,Seance_3_AC_Grattoir/,personnepersonne,e58012023d28019e0770c28afc1ada42,8e32b9477d2fb9aa11592afaf144857c,8s6zSi7m2,listen to,1.2952302631578947,315.2651168503391,171.24536403745378,211.57897146124589
1443.666667,Seance_3_AC_Grattoir/,personnepersonne,e58012023d28019e0770c28afc1ada42,8e32b9477d2fb9aa11592afaf144857c,8s6zSi7m2,Look person,1.2952302631578947,315.2651168503391,171.24536403745378,211.57897146124589
1465.333333,Seance_3_AC_Grattoir/,personnepersonne,e58012023d28019e0770c28afc1ada42,9122cd075f2b0e5ef23f2730589f97ba,WmHGHEYHR,Talk to person,118.137341549522,582.7867312731196,192.5523562731196,311.84209923995166
1465.333333,Seance_3_AC_Grattoir/,personnepersonne,e58012023d28019e0770c28afc1ada42,9122cd075f2b0e5ef23f2730589f97ba,1oYLb3pQJ,laugh,9.189973128469369,662.4907762407522,90.75218191276204,82.89473684210526
1520.333333,Seance_3_AC_Grattoir/,personnepersonne,e58012023d28019e0770c28afc1ada42,38d94ec96d17bbca48974a7a3e2e1b3e,XT_jCm9JG,listen to,8.40049342105263,645.1294697903822,131.7879643187423,117.63159099378085
1541.6,Seance_3_AC_Grattoir/,personnepersonne,e58012023d28019e0770c28afc1ada42,518de7e80c2be3984b82dfebe1211e58,JfJQ3cwTp,laugh,0.5057595905504728,394.9691979423552,83.64983912607892,83.68420751471268
1548.933333,Seance_3_AC_Grattoir/,personnepersonne,e58012023d28019e0770c28afc1ada42,9f561fae4ded5c3f9e29312ca38b4910,EaZuEKe8O,Talk to person,2.8741896779913647,339.7287299630087,153.0949926787916,244.73683005885076
1578.0,Seance_3_AC_Grattoir/,personnepersonne,e58012023d28019e0770c28afc1ada42,d188b5b96ee5fd22b7d366187c6844b0,sPQZ_-U_W,Talk to person,141.8215520758378,596.2022435650432,190.18498092632552,320.52635795191713
1615.6,Seance_3_AC_Grattoir/,personnepersonne,e58012023d28019e0770c28afc1ada42,49c026c66c22449c66f895523352f3de,uuc0cNu80,laugh,2.0847099705746297,444.6855974491369,79.70404496763256,78.94737444425884
1615.6,Seance_3_AC_Grattoir/,personnepersonne,e58012023d28019e0770c28afc1ada42,49c026c66c22449c66f895523352f3de,isPQmUOVx,laugh,138.66365131578945,626.189889025894,134.15541191430333,122.36843309904398
1652.6,Seance_3_AC_Grattoir/,personnepersonne,e58012023d28019e0770c28afc1ada42,26d80489a16e8f148b054815ab0aac9c,49E2quqpI,Talk to person,0.5057595905504728,660.9125019266338,112.0591380240444,138.15789172523898
